Workbook
Name Slicer_Content_Category: #N/A
Name Slicer_Content_Type: #N/A
Name Slicer_Platform: #N/A
Name Slicer_Post_day: #N/A
Name Slicer_Post_Month: #N/A
Name Slicer_Post_Type: #N/A
Name Slicer_Region: #N/A
Name Slicer_Time_Slot: #N/A

Sheet Old_Data
A1: Post_ID | B1: Platform | C1: Content_Type | D1: Content_Category | E1: Post_Type | F1: Region | G1: Longitude | H1: Latitude | I1: Engagement | J1: Views | K1: Likes | L1: Shares | M1: Comments | N1: Engagement_Rate | O1: Impressions | P1: Video_Views | Q1: Live_Stream_Views | R1: Clicks | S1: Click_Through_Rate | T1: Main_Hashtag | U1: Post_Date | V1: Post_day | W1: Post_Month | X1: Post_Hour | Y1: Time_Slot | Z1: Engagement_Level
A2: Post_1 | B2: TikTok | C2: Organic | D2: Product Promotion | E2: Video | F2: UK | G2: -3.436 | H2: 55.3781 | I2: 54510 | J2: 599342 | K2: 125741 | L2: 35920 | M2: 15727 | N2: 0.09095057 | O2: 677975 | P2: 465645 | Q2: 0 | R2: 16813 | S2: 0.0248 | T2: #FeatureHighlight | U2: 45365 | V2: =TEXT(U2,"DDDD") -> Thursday | W2: =TEXT(U2,"MMMM") -> March | X2: 15 | Y2: =IF(X2<6,"NIght",IF(X2<12,"Morning",IF(X2<18,"Afternoon","Evening"))) -> Afternoon | Z2: Low
A3: Post_2 | B3: Instagram | C3: Organic | D3: Product Promotion | E3: Video | F3: India | G3: 78.9629 | H3: 20.5937 | I3: 259440 | J3: 1896301 | K3: 206151 | L3: 139015 | M3: 83521 | N3: 0.13681396 | O3: 2354474 | P3: 1896301 | Q3: 0 | T3: #ProductDemo | U3: 45406 | V3: =TEXT(U3,"DDDD") -> Wednesday | W3: =TEXT(U3,"MMMM") -> April | X3: 12 | Y3: =IF(X3<6,"NIght",IF(X3<12,"Morning",IF(X3<18,"Afternoon","Evening"))) -> Afternoon | Z3: Medium
A4: Post_3 | B4: X.com | C4: Organic | D4: Entertainment | E4: Text | F4: Brazil | G4: -51.9253 | H4: -14.235 | I4: 14182 | J4: 253052 | K4: 32206 | L4: 9912 | M4: 8140 | N4: 0.056045015 | O4: 304915 | P4: 0 | Q4: 0 | T4: #MemeMonday | U4: 45627 | V4: =TEXT(U4,"DDDD") -> Sunday | W4: =TEXT(U4,"MMMM") -> December | X4: 10 | Y4: =IF(X4<6,"NIght",IF(X4<12,"Morning",IF(X4<18,"Afternoon","Evening"))) -> Morning | Z4: Low
A5: Post_4 | B5: Instagram | C5: Organic | D5: Entertainment | E5: Carousel | F5: Australia | G5: 133.7751 | H5: -25.2744 | I5: 49137 | J5: 735640 | K5: 121227 | L5: 32781 | M5: 32716 | N5: 0.066795973 | O5: 829727 | P5: 0 | Q5: 0 | T5: #JustForFun | U5: 45480 | V5: =TEXT(U5,"DDDD") -> Sunday | W5: =TEXT(U5,"MMMM") -> July | X5: 12 | Y5: =IF(X5<6,"NIght",IF(X5<12,"Morning",IF(X5<18,"Afternoon","Evening"))) -> Afternoon | Z5: Low
A6: Post_5 | B6: TikTok | C6: Organic | D6: Educational | E6: Video | F6: Brazil | G6: -51.9253 | H6: -14.235 | I6: 20832 | J6: 77358 | K6: 13027 | L6: 5357 | M6: 2165 | N6: 0.26930187 | O6: 93049 | P6: 72707 | Q6: 0 | R6: 1944 | S6: 0.0209 | T6: #CaseStudy2025 | U6: 45301 | V6: =TEXT(U6,"DDDD") -> Wednesday | W6: =TEXT(U6,"MMMM") -> January | X6: 11 | Y6: =IF(X6<6,"NIght",IF(X6<12,"Morning",IF(X6<18,"Afternoon","Evening"))) -> Morning | Z6: High
A7: Post_6 | B7: LinkedIn | C7: Organic | D7: Customer Story | E7: Image | F7: Australia | G7: 133.7751 | H7: -25.2744 | I7: 47292 | J7: 217539 | K7: 41084 | L7: 7031 | M7: 9637 | N7: 0.21739867 | O7: 246712 | P7: 0 | Q7: 0 | T7: #SuccessStory | U7: 45327 | V7: =TEXT(U7,"DDDD") -> Monday | W7: =TEXT(U7,"MMMM") -> February | X7: 9 | Y7: =IF(X7<6,"NIght",IF(X7<12,"Morning",IF(X7<18,"Afternoon","Evening"))) -> Morning | Z7: High
A8: Post_7 | B8: YouTube | C8: Organic | D8: Customer Story | E8: Video | F8: Japan | G8: 138.2529 | H8: 36.2048 | I8: 44036 | J8: 189936 | K8: 38487 | L8: 9878 | M8: 4725 | N8: 0.23184858 | O8: 227739 | P8: 178450 | Q8: 0 | T8: #CustomerStory | U8: 45417 | V8: =TEXT(U8,"DDDD") -> Sunday | W8: =TEXT(U8,"MMMM") -> May | X8: 12 | Y8: =IF(X8<6,"NIght",IF(X8<12,"Morning",IF(X8<18,"Afternoon","Evening"))) -> Afternoon | Z8: High
A9: Post_8 | B9: YouTube | C9: Organic | D9: Customer Story | E9: Video | F9: UK | G9: -3.436 | H9: 55.3781 | I9: 325640 | J9: 1781229 | K9: 187310 | L9: 134422 | M9: 54062 | N9: 0.18281798 | O9: 2195372 | P9: 1781229 | Q9: 0 | T9: #CustomerStory | U9: 45374 | V9: =TEXT(U9,"DDDD") -> Saturday | W9: =TEXT(U9,"MMMM") -> March | X9: 15 | Y9: =IF(X9<6,"NIght",IF(X9<12,"Morning",IF(X9<18,"Afternoon","Evening"))) -> Afternoon | Z9: Medium
A10: Post_9 | B10: X.com | C10: Organic | D10: Product Promotion | E10: Text | F10: India | G10: 78.9629 | H10: 20.5937 | I10: 38084 | J10: 270886 | K10: 49303 | L10: 10630 | M10: 15923 | N10: 0.14059304 | O10: 339969 | P10: 0 | Q10: 0 | T10: #FeatureHighlight | U10: 45776 | V10: =TEXT(U10,"DDDD") -> Tuesday | W10: =TEXT(U10,"MMMM") -> April | X10: 16 | Y10: =IF(X10<6,"NIght",IF(X10<12,"Morning",IF(X10<18,"Afternoon","Evening"))) -> Afternoon | Z10: Medium
A11: Post_10 | B11: TikTok | C11: Organic | D11: Product Promotion | E11: Video | F11: India | G11: 78.9629 | H11: 20.5937 | I11: 76170 | J11: 530247 | K11: 124196 | L11: 31759 | M11: 30157 | N11: 0.14365078 | O11: 592656 | P11: 530247 | Q11: 0 | R11: 8949 | S11: 0.0151 | T11: #ProductDemo | U11: 45704 | V11: =TEXT(U11,"DDDD") -> Sunday | W11: =TEXT(U11,"MMMM") -> February | X11: 15 | Y11: =IF(X11<6,"NIght",IF(X11<12,"Morning",IF(X11<18,"Afternoon","Evening"))) -> Afternoon | Z11: Medium
A12: Post_11 | B12: Instagram | C12: Organic | D12: Event / Webinar | E12: Live Stream | F12: Germany | G12: 10.4515 | H12: 51.1657 | I12: 26520 | J12: 149091 | K12: 20977 | L12: 10650 | M12: 5109 | N12: 0.17788131 | O12: 172377 | P12: 0 | Q12: 317078 | T12: #EventRecap | U12: 45593 | V12: =TEXT(U12,"DDDD") -> Monday | W12: =TEXT(U12,"MMMM") -> October | X12: 10 | Y12: =IF(X12<6,"NIght",IF(X12<12,"Morning",IF(X12<18,"Afternoon","Evening"))) -> Morning | Z12: Medium
A13: Post_12 | B13: X.com | C13: Organic | D13: Educational | E13: Text | F13: Australia | G13: 133.7751 | H13: -25.2744 | I13: 22233 | J13: 91670 | K13: 11104 | L13: 6426 | M13: 2106 | N13: 0.24253383 | O13: 118930 | P13: 0 | Q13: 0 | T13: #SuccessStory | U13: 45405 | V13: =TEXT(U13,"DDDD") -> Tuesday | W13: =TEXT(U13,"MMMM") -> April | X13: 15 | Y13: =IF(X13<6,"NIght",IF(X13<12,"Morning",IF(X13<18,"Afternoon","Evening"))) -> Afternoon | Z13: High
A14: Post_13 | B14: YouTube | C14: Sponsored | D14: Educational | E14: Video | F14: Canada | G14: -106.3468 | H14: 56.1304 | I14: 226309 | J14: 1492308 | K14: 150466 | L14: 105615 | M14: 72040 | N14: 0.15165093 | O14: 1859119 | P14: 1492308 | Q14: 0 | T14: #CustomerStory | U14: 45695 | V14: =TEXT(U14,"DDDD") -> Friday | W14: =TEXT(U14,"MMMM") -> February | X14: 9 | Y14: =IF(X14<6,"NIght",IF(X14<12,"Morning",IF(X14<18,"Afternoon","Evening"))) -> Morning | Z14: Medium
A15: Post_14 | B15: YouTube | C15: Organic | D15: Educational | E15: Video | F15: Japan | G15: 138.2529 | H15: 36.2048 | I15: 71888 | J15: 311167 | K15: 67115 | L15: 10487 | M15: 10685 | N15: 0.23102875 | O15: 349494 | P15: 281653 | Q15: 0 | T15: #CustomerStory | U15: 45769 | V15: =TEXT(U15,"DDDD") -> Tuesday | W15: =TEXT(U15,"MMMM") -> April | X15: 19 | Y15: =IF(X15<6,"NIght",IF(X15<12,"Morning",IF(X15<18,"Afternoon","Evening"))) -> Evening | Z15: High
A16: Post_15 | B16: X.com | C16: Organic | D16: Entertainment | E16: Text | F16: Germany | G16: 10.4515 | H16: 51.1657 | I16: 53010 | J16: 566252 | K16: 84730 | L16: 18787 | M16: 18368 | N16: 0.093616415 | O16: 659704 | P16: 0 | Q16: 0 | T16: #FunContent | U16: 45428 | V16: =TEXT(U16,"DDDD") -> Thursday | W16: =TEXT(U16,"MMMM") -> May | X16: 15 | Y16: =IF(X16<6,"NIght",IF(X16<12,"Morning",IF(X16<18,"Afternoon","Evening"))) -> Afternoon | Z16: Low
A17: Post_16 | B17: YouTube | C17: Organic | D17: Product Promotion | E17: Live Stream | F17: Canada | G17: -106.3468 | H17: 56.1304 | I17: 30263 | J17: 347554 | K17: 72792 | L17: 21505 | M17: 19285 | N17: 0.087074837 | O17: 415133 | P17: 0 | Q17: 679391 | T17: #ProductDemo | U17: 45664 | V17: =TEXT(U17,"DDDD") -> Tuesday | W17: =TEXT(U17,"MMMM") -> January | X17: 15 | Y17: =IF(X17<6,"NIght",IF(X17<12,"Morning",IF(X17<18,"Afternoon","Evening"))) -> Afternoon | Z17: Low
A18: Post_17 | B18: X.com | C18: Organic | D18: Educational | E18: Image | F18: UK | G18: -3.436 | H18: 55.3781 | I18: 58337 | J18: 347296 | K18: 63968 | L18: 23806 | M18: 13805 | N18: 0.16797716 | O18: 418334 | P18: 0 | Q18: 0 | T18: #SuccessStory | U18: 45627 | V18: =TEXT(U18,"DDDD") -> Sunday | W18: =TEXT(U18,"MMMM") -> December | X18: 11 | Y18: =IF(X18<6,"NIght",IF(X18<12,"Morning",IF(X18<18,"Afternoon","Evening"))) -> Morning | Z18: Medium
A19: Post_18 | B19: TikTok | C19: Sponsored | D19: Educational | E19: Video | F19: UK | G19: -3.436 | H19: 55.3781 | I19: 510212 | J19: 2596696 | K19: 426198 | L19: 81201 | M19: 63140 | N19: 0.19648537 | O19: 2872688 | P19: 2596696 | Q19: 0 | R19: 31312 | S19: 0.0109 | T19: #CustomerStory | U19: 45454 | V19: =TEXT(U19,"DDDD") -> Tuesday | W19: =TEXT(U19,"MMMM") -> June | X19: 10 | Y19: =IF(X19<6,"NIght",IF(X19<12,"Morning",IF(X19<18,"Afternoon","Evening"))) -> Morning | Z19: Medium
A20: Post_19 | B20: TikTok | C20: Organic | D20: Product Promotion | E20: Video | F20: USA | G20: -95.7129 | H20: 37.0902 | I20: 29522 | J20: 216249 | K20: 38121 | L20: 16300 | M20: 6481 | N20: 0.13652218 | O20: 255622 | P20: 3466 | Q20: 0 | R20: 3246 | S20: 0.0127 | T20: #FeatureHighlight | U20: 45307 | V20: =TEXT(U20,"DDDD") -> Tuesday | W20: =TEXT(U20,"MMMM") -> January | X20: 11 | Y20: =IF(X20<6,"NIght",IF(X20<12,"Morning",IF(X20<18,"Afternoon","Evening"))) -> Morning | Z20: Medium
A21: Post_20 | B21: YouTube | C21: Organic | D21: Educational | E21: Video | F21: UK | G21: -3.436 | H21: 55.3781 | I21: 58869 | J21: 354249 | K21: 75572 | L21: 14680 | M21: 8175 | N21: 0.16618209 | O21: 410202 | P21: 308035 | Q21: 0 | T21: #CustomerStory | U21: 45579 | V21: =TEXT(U21,"DDDD") -> Monday | W21: =TEXT(U21,"MMMM") -> October | X21: 12 | Y21: =IF(X21<6,"NIght",IF(X21<12,"Morning",IF(X21<18,"Afternoon","Evening"))) -> Afternoon | Z21: Medium
A22: Post_21 | B22: X.com | C22: Organic | D22: Product Promotion | E22: Video | F22: Brazil | G22: -51.9253 | H22: -14.235 | I22: 340149 | J22: 2376086 | K22: 548208 | L22: 166762 | M22: 65253 | N22: 0.14315551 | O22: 3037853 | P22: 2376086 | Q22: 0 | T22: #ProductDemo | U22: 45460 | V22: =TEXT(U22,"DDDD") -> Monday | W22: =TEXT(U22,"MMMM") -> June | X22: 17 | Y22: =IF(X22<6,"NIght",IF(X22<12,"Morning",IF(X22<18,"Afternoon","Evening"))) -> Afternoon | Z22: Medium
A23: Post_22 | B23: TikTok | C23: Organic | D23: Product Promotion | E23: Live Stream | F23: USA | G23: -95.7129 | H23: 37.0902 | I23: 49757 | J23: 365818 | K23: 66176 | L23: 25743 | M23: 20428 | N23: 0.13601663 | O23: 425666 | P23: 0 | Q23: 77512 | R23: 4937 | S23: 0.0116 | T23: #FeatureHighlight | U23: 45683 | V23: =TEXT(U23,"DDDD") -> Sunday | W23: =TEXT(U23,"MMMM") -> January | X23: 15 | Y23: =IF(X23<6,"NIght",IF(X23<12,"Morning",IF(X23<18,"Afternoon","Evening"))) -> Afternoon | Z23: Medium
A24: Post_23 | B24: YouTube | C24: Organic | D24: Product Promotion | E24: Video | F24: Brazil | G24: -51.9253 | H24: -14.235 | I24: 197894 | J24: 1705918 | K24: 379911 | L24: 124594 | M24: 34592 | N24: 0.1160048 | O24: 2050768 | P24: 1705918 | Q24: 0 | T24: #ProductDemo | U24: 45610 | V24: =TEXT(U24,"DDDD") -> Thursday | W24: =TEXT(U24,"MMMM") -> November | X24: 19 | Y24: =IF(X24<6,"NIght",IF(X24<12,"Morning",IF(X24<18,"Afternoon","Evening"))) -> Evening | Z24: Medium
A25: Post_24 | B25: X.com | C25: Organic | D25: Product Promotion | E25: Video | F25: Japan | G25: 138.2529 | H25: 36.2048 | I25: 113610 | J25: 902363 | K25: 146734 | L25: 37091 | M25: 22373 | N25: 0.12590344 | O25: 1053529 | P25: 902363 | Q25: 0 | T25: #ProductDemo | U25: 45515 | V25: =TEXT(U25,"DDDD") -> Sunday | W25: =TEXT(U25,"MMMM") -> August | X25: 11 | Y25: =IF(X25<6,"NIght",IF(X25<12,"Morning",IF(X25<18,"Afternoon","Evening"))) -> Morning | Z25: Medium
A26: Post_25 | B26: YouTube | C26: Organic | D26: Educational | E26: Video | F26: Germany | G26: 10.4515 | H26: 51.1657 | I26: 58395 | J26: 233871 | K26: 41586 | L26: 15236 | M26: 8079 | N26: 0.24969113 | O26: 302712 | P26: 204799 | Q26: 0 | T26: #CustomerStory | U26: 45534 | V26: =TEXT(U26,"DDDD") -> Friday | W26: =TEXT(U26,"MMMM") -> August | X26: 12 | Y26: =IF(X26<6,"NIght",IF(X26<12,"Morning",IF(X26<18,"Afternoon","Evening"))) -> Afternoon | Z26: High
A27: Post_26 | B27: YouTube | C27: Organic | D27: Event / Webinar | E27: Live Stream | F27: Brazil | G27: -51.9253 | H27: -14.235 | I27: 42412 | J27: 290405 | K27: 70965 | L27: 12368 | M27: 11584 | N27: 0.14604667 | O27: 336920 | P27: 0 | Q27: 927260 | T27: #WebinarReplay | U27: 45434 | V27: =TEXT(U27,"DDDD") -> Wednesday | W27: =TEXT(U27,"MMMM") -> May | X27: 10 | Y27: =IF(X27<6,"NIght",IF(X27<12,"Morning",IF(X27<18,"Afternoon","Evening"))) -> Morning | Z27: Medium
A28: Post_27 | B28: Instagram | C28: Organic | D28: Product Promotion | E28: Video | F28: India | G28: 78.9629 | H28: 20.5937 | I28: 250854 | J28: 2076760 | K28: 364267 | L28: 67648 | M28: 64682 | N28: 0.12079132 | O28: 2661686 | P28: 2076760 | Q28: 0 | T28: #ProductDemo | U28: 45470 | V28: =TEXT(U28,"DDDD") -> Thursday | W28: =TEXT(U28,"MMMM") -> June | X28: 17 | Y28: =IF(X28<6,"NIght",IF(X28<12,"Morning",IF(X28<18,"Afternoon","Evening"))) -> Afternoon | Z28: Medium
A29: Post_28 | B29: YouTube | C29: Organic | D29: Entertainment | E29: Video | F29: Canada | G29: -106.3468 | H29: 56.1304 | I29: 35665 | J29: 413478 | K29: 56205 | L29: 15399 | M29: 16364 | N29: 0.086256793 | O29: 536334 | P29: 397501 | Q29: 0 | T29: #TrendingNow | U29: 45554 | V29: =TEXT(U29,"DDDD") -> Thursday | W29: =TEXT(U29,"MMMM") -> September | X29: 15 | Y29: =IF(X29<6,"NIght",IF(X29<12,"Morning",IF(X29<18,"Afternoon","Evening"))) -> Afternoon | Z29: Low
A30: Post_29 | B30: Instagram | C30: Organic | D30: Event / Webinar | E30: Live Stream | F30: Canada | G30: -106.3468 | H30: 56.1304 | I30: 35525 | J30: 326729 | K30: 69999 | L30: 13684 | M30: 16051 | N30: 0.10873047 | O30: 383434 | P30: 0 | Q30: 352922 | T30: #EventRecap | U30: 45674 | V30: =TEXT(U30,"DDDD") -> Friday | W30: =TEXT(U30,"MMMM") -> January | X30: 12 | Y30: =IF(X30<6,"NIght",IF(X30<12,"Morning",IF(X30<18,"Afternoon","Evening"))) -> Afternoon | Z30: Medium
A31: Post_30 | B31: YouTube | C31: Organic | D31: Event / Webinar | E31: Live Stream | F31: Japan | G31: 138.2529 | H31: 36.2048 | I31: 182898 | J31: 1137655 | K31: 221876 | L31: 64605 | M31: 26861 | N31: 0.1607683 | O31: 1441477 | P31: 0 | Q31: 981170 | T31: #WebinarReplay | U31: 45479 | V31: =TEXT(U31,"DDDD") -> Saturday | W31: =TEXT(U31,"MMMM") -> July | X31: 11 | Y31: =IF(X31<6,"NIght",IF(X31<12,"Morning",IF(X31<18,"Afternoon","Evening"))) -> Morning | Z31: Medium
A32: Post_31 | B32: LinkedIn | C32: Organic | D32: Educational | E32: Image | F32: Australia | G32: 133.7751 | H32: -25.2744 | I32: 84944 | J32: 420660 | K32: 43112 | L32: 23390 | M32: 12224 | N32: 0.20193115 | O32: 517005 | P32: 0 | Q32: 0 | T32: #SuccessStory | U32: 45419 | V32: =TEXT(U32,"DDDD") -> Tuesday | W32: =TEXT(U32,"MMMM") -> May | X32: 15 | Y32: =IF(X32<6,"NIght",IF(X32<12,"Morning",IF(X32<18,"Afternoon","Evening"))) -> Afternoon | Z32: High
A33: Post_32 | B33: X.com | C33: Organic | D33: Product Promotion | E33: Video | F33: USA | G33: -95.7129 | H33: 37.0902 | I33: 230631 | J33: 2655192 | K33: 334965 | L33: 171384 | M33: 94178 | N33: 0.086860504 | O33: 3418150 | P33: 2655192 | Q33: 0 | T33: #ProductDemo | U33: 45649 | V33: =TEXT(U33,"DDDD") -> Monday | W33: =TEXT(U33,"MMMM") -> December | X33: 17 | Y33: =IF(X33<6,"NIght",IF(X33<12,"Morning",IF(X33<18,"Afternoon","Evening"))) -> Afternoon | Z33: Low
A34: Post_33 | B34: YouTube | C34: Organic | D34: Event / Webinar | E34: Live Stream | F34: USA | G34: -95.7129 | H34: 37.0902 | I34: 33791 | J34: 211173 | K34: 24711 | L34: 16098 | M34: 11634 | N34: 0.16001707 | O34: 243184 | P34: 0 | Q34: 1489976 | T34: #WebinarReplay | U34: 45407 | V34: =TEXT(U34,"DDDD") -> Thursday | W34: =TEXT(U34,"MMMM") -> April | X34: 10 | Y34: =IF(X34<6,"NIght",IF(X34<12,"Morning",IF(X34<18,"Afternoon","Evening"))) -> Morning | Z34: Medium
A35: Post_34 | B35: YouTube | C35: Organic | D35: Educational | E35: Video | F35: Australia | G35: 133.7751 | H35: -25.2744 | I35: 25047 | J35: 161448 | K35: 35935 | L35: 9325 | M35: 6649 | N35: 0.15514324 | O35: 185402 | P35: 143334 | Q35: 0 | T35: #CustomerStory | U35: 45306 | V35: =TEXT(U35,"DDDD") -> Monday | W35: =TEXT(U35,"MMMM") -> January | X35: 17 | Y35: =IF(X35<6,"NIght",IF(X35<12,"Morning",IF(X35<18,"Afternoon","Evening"))) -> Afternoon | Z35: Medium
A36: Post_35 | B36: YouTube | C36: Sponsored | D36: Educational | E36: Video | F36: UK | G36: -3.436 | H36: 55.3781 | I36: 49341 | J36: 275988 | K36: 41634 | L36: 13098 | M36: 13533 | N36: 0.17878045 | O36: 353105 | P36: 235164 | Q36: 0 | T36: #CustomerStory | U36: 45757 | V36: =TEXT(U36,"DDDD") -> Thursday | W36: =TEXT(U36,"MMMM") -> April | X36: 12 | Y36: =IF(X36<6,"NIght",IF(X36<12,"Morning",IF(X36<18,"Afternoon","Evening"))) -> Afternoon | Z36: Medium
A37: Post_36 | B37: TikTok | C37: Organic | D37: Educational | E37: Live Stream | F37: Japan | G37: 138.2529 | H37: 36.2048 | I37: 50766 | J37: 328182 | K37: 76487 | L37: 22642 | M37: 14991 | N37: 0.154689 | O37: 366522 | P37: 0 | Q37: 90407 | R37: 8136 | S37: 0.0222 | T37: #SuccessStory | U37: 45507 | V37: =TEXT(U37,"DDDD") -> Saturday | W37: =TEXT(U37,"MMMM") -> August | X37: 10 | Y37: =IF(X37<6,"NIght",IF(X37<12,"Morning",IF(X37<18,"Afternoon","Evening"))) -> Morning | Z37: Medium
A38: Post_37 | B38: LinkedIn | C38: Organic | D38: Educational | E38: Carousel | F38: Germany | G38: 10.4515 | H38: 51.1657 | I38: 49910 | J38: 272628 | K38: 27638 | L38: 9562 | M38: 12688 | N38: 0.18307075 | O38: 300166 | P38: 0 | Q38: 0 | T38: #SuccessStory | U38: 45457 | V38: =TEXT(U38,"DDDD") -> Friday | W38: =TEXT(U38,"MMMM") -> June | X38: 8 | Y38: =IF(X38<6,"NIght",IF(X38<12,"Morning",IF(X38<18,"Afternoon","Evening"))) -> Morning | Z38: Medium
A39: Post_38 | B39: Instagram | C39: Organic | D39: Product Promotion | E39: Video | F39: India | G39: 78.9629 | H39: 20.5937 | I39: 316200 | J39: 2635551 | K39: 327127 | L39: 151377 | M39: 125652 | N39: 0.11997522 | O39: 3242761 | P39: 2635551 | Q39: 0 | T39: #ProductDemo | U39: 45666 | V39: =TEXT(U39,"DDDD") -> Thursday | W39: =TEXT(U39,"MMMM") -> January | X39: 10 | Y39: =IF(X39<6,"NIght",IF(X39<12,"Morning",IF(X39<18,"Afternoon","Evening"))) -> Morning | Z39: Medium
A40: Post_39 | B40: TikTok | C40: Organic | D40: Product Promotion | E40: Video | F40: USA | G40: -95.7129 | H40: 37.0902 | I40: 310863 | J40: 2550875 | K40: 345866 | L40: 118028 | M40: 127185 | N40: 0.12186551 | O40: 3137388 | P40: 2550875 | Q40: 0 | R40: 33256 | S40: 0.0106 | T40: #ProductDemo | U40: 45311 | V40: =TEXT(U40,"DDDD") -> Saturday | W40: =TEXT(U40,"MMMM") -> January | X40: 11 | Y40: =IF(X40<6,"NIght",IF(X40<12,"Morning",IF(X40<18,"Afternoon","Evening"))) -> Morning | Z40: Medium
A41: Post_40 | B41: X.com | C41: Organic | D41: Educational | E41: Text | F41: USA | G41: -95.7129 | H41: 37.0902 | I41: 47357 | J41: 309100 | K41: 70284 | L41: 19436 | M41: 13208 | N41: 0.1532111 | O41: 345800 | P41: 0 | Q41: 0 | T41: #SuccessStory | U41: 45681 | V41: =TEXT(U41,"DDDD") -> Friday | W41: =TEXT(U41,"MMMM") -> January | X41: 18 | Y41: =IF(X41<6,"NIght",IF(X41<12,"Morning",IF(X41<18,"Afternoon","Evening"))) -> Evening | Z41: Medium
A42: Post_41 | B42: X.com | C42: Organic | D42: Educational | E42: Text | F42: India | G42: 78.9629 | H42: 20.5937 | I42: 23893 | J42: 113012 | K42: 15437 | L42: 8888 | M42: 4037 | N42: 0.21142866 | O42: 144475 | P42: 0 | Q42: 0 | T42: #SuccessStory | U42: 45380 | V42: =TEXT(U42,"DDDD") -> Friday | W42: =TEXT(U42,"MMMM") -> March | X42: 10 | Y42: =IF(X42<6,"NIght",IF(X42<12,"Morning",IF(X42<18,"Afternoon","Evening"))) -> Morning | Z42: High
A43: Post_42 | B43: YouTube | C43: Organic | D43: Event / Webinar | E43: Live Stream | F43: Australia | G43: 133.7751 | H43: -25.2744 | I43: 29587 | J43: 172821 | K43: 33643 | L43: 12052 | M43: 6931 | N43: 0.17120115 | O43: 210043 | P43: 0 | Q43: 1238776 | T43: #WebinarReplay | U43: 45469 | V43: =TEXT(U43,"DDDD") -> Wednesday | W43: =TEXT(U43,"MMMM") -> June | X43: 17 | Y43: =IF(X43<6,"NIght",IF(X43<12,"Morning",IF(X43<18,"Afternoon","Evening"))) -> Afternoon | Z43: Medium
A44: Post_43 | B44: X.com | C44: Organic | D44: Event / Webinar | E44: Image | F44: Brazil | G44: -51.9253 | H44: -14.235 | I44: 94256 | J44: 625133 | K44: 88841 | L44: 19514 | M44: 28642 | N44: 0.15077875 | O44: 709789 | P44: 0 | Q44: 0 | T44: #EventRecap | U44: 45760 | V44: =TEXT(U44,"DDDD") -> Sunday | W44: =TEXT(U44,"MMMM") -> April | X44: 14 | Y44: =IF(X44<6,"NIght",IF(X44<12,"Morning",IF(X44<18,"Afternoon","Evening"))) -> Afternoon | Z44: Medium
A45: Post_44 | B45: YouTube | C45: Organic | D45: Entertainment | E45: Video | F45: Brazil | G45: -51.9253 | H45: -14.235 | I45: 90944 | J45: 1357131 | K45: 329904 | L45: 102793 | M45: 47236 | N45: 0.067012008 | O45: 1497039 | P45: 1357131 | Q45: 0 | T45: #TrendingNow | U45: 45534 | V45: =TEXT(U45,"DDDD") -> Friday | W45: =TEXT(U45,"MMMM") -> August | X45: 12 | Y45: =IF(X45<6,"NIght",IF(X45<12,"Morning",IF(X45<18,"Afternoon","Evening"))) -> Afternoon | Z45: Low
A46: Post_45 | B46: X.com | C46: Organic | D46: Educational | E46: Video | F46: Germany | G46: 10.4515 | H46: 51.1657 | I46: 461737 | J46: 1906900 | K46: 467187 | L46: 149083 | M46: 103202 | N46: 0.24214033 | O46: 2209886 | P46: 1906900 | Q46: 0 | T46: #CustomerStory | U46: 45317 | V46: =TEXT(U46,"DDDD") -> Friday | W46: =TEXT(U46,"MMMM") -> January | X46: 12 | Y46: =IF(X46<6,"NIght",IF(X46<12,"Morning",IF(X46<18,"Afternoon","Evening"))) -> Afternoon | Z46: High
A47: Post_46 | B47: LinkedIn | C47: Sponsored | D47: Educational | E47: Image | F47: Brazil | G47: -51.9253 | H47: -14.235 | I47: 56165 | J47: 324034 | K47: 51121 | L47: 23510 | M47: 10588 | N47: 0.17333347 | O47: 367421 | P47: 0 | Q47: 0 | T47: #SuccessStory | U47: 45371 | V47: =TEXT(U47,"DDDD") -> Wednesday | W47: =TEXT(U47,"MMMM") -> March | X47: 12 | Y47: =IF(X47<6,"NIght",IF(X47<12,"Morning",IF(X47<18,"Afternoon","Evening"))) -> Afternoon | Z47: Medium
A48: Post_47 | B48: LinkedIn | C48: Organic | D48: Educational | E48: Image | F48: Japan | G48: 138.2529 | H48: 36.2048 | I48: 76384 | J48: 321010 | K48: 65615 | L48: 18780 | M48: 7667 | N48: 0.23795023 | O48: 392595 | P48: 0 | Q48: 0 | T48: #DidYouKnow | U48: 45681 | V48: =TEXT(U48,"DDDD") -> Friday | W48: =TEXT(U48,"MMMM") -> January | X48: 17 | Y48: =IF(X48<6,"NIght",IF(X48<12,"Morning",IF(X48<18,"Afternoon","Evening"))) -> Afternoon | Z48: High
A49: Post_48 | B49: Instagram | C49: Organic | D49: Product Promotion | E49: Live Stream | F49: India | G49: 78.9629 | H49: 20.5937 | I49: 24245 | J49: 259247 | K49: 64424 | L49: 9593 | M49: 10559 | N49: 0.093523727 | O49: 330662 | P49: 0 | Q49: 396307 | T49: #FeatureHighlight | U49: 45751 | V49: =TEXT(U49,"DDDD") -> Friday | W49: =TEXT(U49,"MMMM") -> April | X49: 12 | Y49: =IF(X49<6,"NIght",IF(X49<12,"Morning",IF(X49<18,"Afternoon","Evening"))) -> Afternoon | Z49: Low
A50: Post_49 | B50: X.com | C50: Organic | D50: Event / Webinar | E50: Text | F50: USA | G50: -95.7129 | H50: 37.0902 | I50: 37651 | J50: 358305 | K50: 55151 | L50: 16008 | M50: 18766 | N50: 0.1050817 | O50: 452189 | P50: 0 | Q50: 0 | T50: #EventRecap | U50: 45574 | V50: =TEXT(U50,"DDDD") -> Wednesday | W50: =TEXT(U50,"MMMM") -> October | X50: 17 | Y50: =IF(X50<6,"NIght",IF(X50<12,"Morning",IF(X50<18,"Afternoon","Evening"))) -> Afternoon | Z50: Medium
A51: Post_50 | B51: LinkedIn | C51: Organic | D51: Educational | E51: Image | F51: Japan | G51: 138.2529 | H51: 36.2048 | I51: 56148 | J51: 355380 | K51: 84220 | L51: 19747 | M51: 14236 | N51: 0.15799515 | O51: 447657 | P51: 0 | Q51: 0 | T51: #TrendingNow | U51: 45400 | V51: =TEXT(U51,"DDDD") -> Thursday | W51: =TEXT(U51,"MMMM") -> April | X51: 11 | Y51: =IF(X51<6,"NIght",IF(X51<12,"Morning",IF(X51<18,"Afternoon","Evening"))) -> Morning | Z51: Medium
A52: Post_51 | B52: YouTube | C52: Organic | D52: Entertainment | E52: Video | F52: Australia | G52: 133.7751 | H52: -25.2744 | I52: 66461 | J52: 766176 | K52: 168075 | L52: 57080 | M52: 25682 | N52: 0.086744682 | O52: 900346 | P52: 721558 | Q52: 0 | T52: #TrendingNow | U52: 45548 | V52: =TEXT(U52,"DDDD") -> Friday | W52: =TEXT(U52,"MMMM") -> September | X52: 14 | Y52: =IF(X52<6,"NIght",IF(X52<12,"Morning",IF(X52<18,"Afternoon","Evening"))) -> Afternoon | Z52: Low
... A61: Post_60 | B61: X.com | C61: Organic | D61: Customer Story | E61: Text | F61: UK | G61: -3.436 | H61: 55.3781 | I61: 15641 | J61: 88777 | K61: 16259 | L61: 5378 | M61: 3265 | N61: 0.17619249 | O61: 102053 | P61: 0 | Q61: 0 | T61: #SuccessStory | U61: 45754 | V61: =TEXT(U61,"DDDD") -> Monday | W61: =TEXT(U61,"MMMM") -> April | X61: 17 | Y61: =IF(X61<6,"NIght",IF(X61<12,"Morning",IF(X61<18,"Afternoon","Evening"))) -> Afternoon | Z61: Medium
A62: Post_61 | B62: TikTok | C62: Organic | D62: Customer Story | E62: Video | F62: USA | G62: -95.7129 | H62: 37.0902 | I62: 44094 | J62: 226260 | K62: 25946 | L62: 12349 | M62: 8810 | N62: 0.19488501 | O62: 256723 | P62: 468 | Q62: 0 | R62: 3157 | S62: 0.0123 | T62: #SuccessStory | U62: 45426 | V62: =TEXT(U62,"DDDD") -> Tuesday | W62: =TEXT(U62,"MMMM") -> May | X62: 16 | Y62: =IF(X62<6,"NIght",IF(X62<12,"Morning",IF(X62<18,"Afternoon","Evening"))) -> Afternoon | Z62: Medium
A63: Post_62 | B63: YouTube | C63: Organic | D63: Entertainment | E63: Video | F63: Australia | G63: 133.7751 | H63: -25.2744 | I63: 192243 | J63: 3404004 | K63: 561925 | L63: 169945 | M63: 151934 | N63: 0.05647576 | O63: 4176776 | P63: 3404004 | Q63: 0 | T63: #TrendingNow | U63: 45578 | V63: =TEXT(U63,"DDDD") -> Sunday | W63: =TEXT(U63,"MMMM") -> October | X63: 15 | Y63: =IF(X63<6,"NIght",IF(X63<12,"Morning",IF(X63<18,"Afternoon","Evening"))) -> Afternoon | Z63: Low
A64: Post_63 | B64: TikTok | C64: Sponsored | D64: Customer Story | E64: Video | F64: India | G64: 78.9629 | H64: 20.5937 | I64: 47176 | J64: 237158 | K64: 45979 | L64: 13080 | M64: 12868 | N64: 0.19892311 | O64: 292116 | P64: 8468 | Q64: 0 | R64: 3622 | S64: 0.0124 | T64: #SuccessStory | U64: 45774 | V64: =TEXT(U64,"DDDD") -> Sunday | W64: =TEXT(U64,"MMMM") -> April | X64: 9 | Y64: =IF(X64<6,"NIght",IF(X64<12,"Morning",IF(X64<18,"Afternoon","Evening"))) -> Morning | Z64: Medium
A65: Post_64 | B65: Instagram | C65: Organic | D65: Entertainment | E65: Video | F65: Canada | G65: -106.3468 | H65: 56.1304 | I65: 92499 | J65: 1650751 | K65: 205419 | L65: 55347 | M65: 75433 | N65: 0.056034883 | O65: 1824578 | P65: 1650751 | Q65: 0 | T65: #TrendingNow | U65: 45395 | V65: =TEXT(U65,"DDDD") -> Saturday | W65: =TEXT(U65,"MMMM") -> April | X65: 9 | Y65: =IF(X65<6,"NIght",IF(X65<12,"Morning",IF(X65<18,"Afternoon","Evening"))) -> Morning | Z65: Medium
A66: Post_65 | B66: YouTube | C66: Organic | D66: Product Promotion | E66: Video | F66: Canada | G66: -106.3468 | H66: 56.1304 | I66: 327348 | J66: 2485372 | K66: 463077 | L66: 122798 | M66: 113659 | N66: 0.13171002 | O66: 2961694 | P66: 2485372 | Q66: 0 | T66: #ProductDemo | U66: 45395 | V66: =TEXT(U66,"DDDD") -> Saturday | W66: =TEXT(U66,"MMMM") -> April | X66: 18 | Y66: =IF(X66<6,"NIght",IF(X66<12,"Morning",IF(X66<18,"Afternoon","Evening"))) -> Evening | Z66: Medium
A67: Post_66 | B67: TikTok | C67: Sponsored | D67: Customer Story | E67: Video | F67: Japan | G67: 138.2529 | H67: 36.2048 | I67: 104880 | J67: 525218 | K67: 95506 | L67: 40480 | M67: 18615 | N67: 0.19968863 | O67: 678706 | P67: 56456 | Q67: 0 | R67: 11402 | S67: 0.0168 | T67: #SuccessStory | U67: 45677 | V67: =TEXT(U67,"DDDD") -> Monday | W67: =TEXT(U67,"MMMM") -> January | X67: 13 | Y67: =IF(X67<6,"NIght",IF(X67<12,"Morning",IF(X67<18,"Afternoon","Evening"))) -> Afternoon | Z67: Medium
A68: Post_67 | B68: YouTube | C68: Sponsored | D68: Product Promotion | E68: Video | F68: Brazil | G68: -51.9253 | H68: -14.235 | I68: 157052 | J68: 1635175 | K68: 241754 | L68: 118131 | M68: 34225 | N68: 0.096046505 | O68: 2065052 | P68: 1635175 | Q68: 0 | T68: #ProductDemo | U68: 45339 | V68: =TEXT(U68,"DDDD") -> Saturday | W68: =TEXT(U68,"MMMM") -> February | X68: 10 | Y68: =IF(X68<6,"NIght",IF(X68<12,"Morning",IF(X68<18,"Afternoon","Evening"))) -> Morning | Z68: Low
A69: Post_68 | B69: X.com | C69: Organic | D69: Customer Story | E69: Image | F69: Japan | G69: 138.2529 | H69: 36.2048 | I69: 47775 | J69: 270759 | K69: 38523 | L69: 9722 | M69: 12961 | N69: 0.17645127 | O69: 331893 | P69: 0 | Q69: 0 | T69: #SuccessStory | U69: 45503 | V69: =TEXT(U69,"DDDD") -> Tuesday | W69: =TEXT(U69,"MMMM") -> July | X69: 17 | Y69: =IF(X69<6,"NIght",IF(X69<12,"Morning",IF(X69<18,"Afternoon","Evening"))) -> Afternoon | Z69: Medium
A70: Post_69 | B70: X.com | C70: Organic | D70: Customer Story | E70: Text | F70: USA | G70: -95.7129 | H70: 37.0902 | I70: 48375 | J70: 286201 | K70: 63113 | L70: 12621 | M70: 7755 | N70: 0.16902465 | O70: 357786 | P70: 0 | Q70: 0 | T70: #SuccessStory | U70: 45410 | V70: =TEXT(U70,"DDDD") -> Sunday | W70: =TEXT(U70,"MMMM") -> April | X70: 15 | Y70: =IF(X70<6,"NIght",IF(X70<12,"Morning",IF(X70<18,"Afternoon","Evening"))) -> Afternoon | Z70: Medium
A71: Post_70 | B71: YouTube | C71: Organic | D71: Customer Story | E71: Video | F71: Australia | G71: 133.7751 | H71: -25.2744 | I71: 52152 | J71: 308131 | K71: 68104 | L71: 24504 | M71: 11248 | N71: 0.16925446 | O71: 361870 | P71: 277529 | Q71: 0 | T71: #CustomerStory | U71: 45658 | V71: =TEXT(U71,"DDDD") -> Wednesday | W71: =TEXT(U71,"MMMM") -> January | X71: 11 | Y71: =IF(X71<6,"NIght",IF(X71<12,"Morning",IF(X71<18,"Afternoon","Evening"))) -> Morning | Z71: Medium
A72: Post_71 | B72: X.com | C72: Organic | D72: Customer Story | E72: Text | F72: Japan | G72: 138.2529 | H72: 36.2048 | I72: 35713 | J72: 183079 | K72: 43868 | L72: 13350 | M72: 6803 | N72: 0.19507178 | O72: 228880 | P72: 0 | Q72: 0 | T72: #SuccessStory | U72: 45556 | V72: =TEXT(U72,"DDDD") -> Saturday | W72: =TEXT(U72,"MMMM") -> September | X72: 17 | Y72: =IF(X72<6,"NIght",IF(X72<12,"Morning",IF(X72<18,"Afternoon","Evening"))) -> Afternoon | Z72: Medium
A73: Post_72 | B73: LinkedIn | C73: Sponsored | D73: Customer Story | E73: Image | F73: Australia | G73: 133.7751 | H73: -25.2744 | I73: 83199 | J73: 366193 | K73: 78065 | L73: 12873 | M73: 20544 | N73: 0.22720117 | O73: 439816 | P73: 0 | Q73: 0 | T73: #SuccessStory | U73: 45748 | V73: =TEXT(U73,"DDDD") -> Tuesday | W73: =TEXT(U73,"MMMM") -> April | X73: 17 | Y73: =IF(X73<6,"NIght",IF(X73<12,"Morning",IF(X73<18,"Afternoon","Evening"))) -> Afternoon | Z73: High
A74: Post_73 | B74: TikTok | C74: Organic | D74: Event / Webinar | E74: Live Stream | F74: Germany | G74: 10.4515 | H74: 51.1657 | I74: 57003 | J74: 395362 | K74: 92644 | L74: 19554 | M74: 8078 | N74: 0.14418015 | O74: 506488 | P74: 0 | Q74: 72821 | R74: 10028 | S74: 0.0198 | T74: #EventRecap | U74: 45479 | V74: =TEXT(U74,"DDDD") -> Saturday | W74: =TEXT(U74,"MMMM") -> July | X74: 15 | Y74: =IF(X74<6,"NIght",IF(X74<12,"Morning",IF(X74<18,"Afternoon","Evening"))) -> Afternoon | Z74: Medium
A75: Post_74 | B75: TikTok | C75: Organic | D75: Product Promotion | E75: Video | F75: India | G75: 78.9629 | H75: 20.5937 | I75: 84990 | J75: 689828 | K75: 102023 | L75: 53463 | M75: 40026 | N75: 0.12320544 | O75: 837925 | P75: 46456 | Q75: 0 | R75: 10474 | S75: 0.0125 | T75: #FeatureHighlight | U75: 45352 | V75: =TEXT(U75,"DDDD") -> Friday | W75: =TEXT(U75,"MMMM") -> March | X75: 16 | Y75: =IF(X75<6,"NIght",IF(X75<12,"Morning",IF(X75<18,"Afternoon","Evening"))) -> Afternoon | Z75: Medium
A76: Post_75 | B76: YouTube | C76: Organic | D76: Customer Story | E76: Video | F76: USA | G76: -95.7129 | H76: 37.0902 | I76: 233861 | J76: 1386334 | K76: 199606 | L76: 64371 | M76: 65020 | N76: 0.16869069 | O76: 1733575 | P76: 1386334 | Q76: 0 | T76: #CustomerStory | U76: 45694 | V76: =TEXT(U76,"DDDD") -> Thursday | W76: =TEXT(U76,"MMMM") -> February | X76: 15 | Y76: =IF(X76<6,"NIght",IF(X76<12,"Morning",IF(X76<18,"Afternoon","Evening"))) -> Afternoon | Z76: Medium
A77: Post_76 | B77: LinkedIn | C77: Organic | D77: Customer Story | E77: Carousel | F77: India | G77: 78.9629 | H77: 20.5937 | I77: 97469 | J77: 459238 | K77: 100452 | L77: 31908 | M77: 10860 | N77: 0.21224279 | O77: 550573 | P77: 0 | Q77: 0 | T77: #SuccessStory | U77: 45592 | V77: =TEXT(U77,"DDDD") -> Sunday | W77: =TEXT(U77,"MMMM") -> October | X77: 14 | Y77: =IF(X77<6,"NIght",IF(X77<12,"Morning",IF(X77<18,"Afternoon","Evening"))) -> Afternoon | Z77: High
A78: Post_77 | B78: X.com | C78: Organic | D78: Product Promotion | E78: Video | F78: India | G78: 78.9629 | H78: 20.5937 | I78: 279067 | J78: 2056853 | K78: 341909 | L78: 152999 | M78: 70008 | N78: 0.13567701 | O78: 2310696 | P78: 2056853 | Q78: 0 | T78: #ProductDemo | U78: 45384 | V78: =TEXT(U78,"DDDD") -> Tuesday | W78: =TEXT(U78,"MMMM") -> April | X78: 15 | Y78: =IF(X78<6,"NIght",IF(X78<12,"Morning",IF(X78<18,"Afternoon","Evening"))) -> Afternoon | Z78: Medium
A79: Post_78 | B79: X.com | C79: Organic | D79: Product Promotion | E79: Video | F79: Australia | G79: 133.7751 | H79: -25.2744 | I79: 205446 | J79: 1492128 | K79: 181217 | L79: 101577 | M79: 66740 | N79: 0.1376866 | O79: 1671518 | P79: 1492128 | Q79: 0 | T79: #ProductDemo | U79: 45422 | V79: =TEXT(U79,"DDDD") -> Friday | W79: =TEXT(U79,"MMMM") -> May | X79: 11 | Y79: =IF(X79<6,"NIght",IF(X79<12,"Morning",IF(X79<18,"Afternoon","Evening"))) -> Morning | Z79: Medium
A80: Post_79 | B80: LinkedIn | C80: Organic | D80: Customer Story | E80: Image | F80: USA | G80: -95.7129 | H80: 37.0902 | I80: 42131 | J80: 274496 | K80: 30445 | L80: 19514 | M80: 13244 | N80: 0.15348705 | O80: 306411 | P80: 0 | Q80: 0 | T80: #SuccessStory | U80: 45694 | V80: =TEXT(U80,"DDDD") -> Thursday | W80: =TEXT(U80,"MMMM") -> February | X80: 11 | Y80: =IF(X80<6,"NIght",IF(X80<12,"Morning",IF(X80<18,"Afternoon","Evening"))) -> Morning | Z80: Medium
A81: Post_82 | B81: Instagram | C81: Organic | D81: Event / Webinar | E81: Live Stream | F81: Australia | G81: 133.7751 | H81: -25.2744 | I81: 25681 | J81: 228655 | K81: 26679 | L81: 12491 | M81: 4676 | N81: 0.11231415 | O81: 272952 | P81: 0 | Q81: 122521 | T81: #EventRecap | U81: 45537 | V81: =TEXT(U81,"DDDD") -> Monday | W81: =TEXT(U81,"MMMM") -> September | X81: 17 | Y81: =IF(X81<6,"NIght",IF(X81<12,"Morning",IF(X81<18,"Afternoon","Evening"))) -> Afternoon | Z81: Medium
A82: Post_83 | B82: Instagram | C82: Organic | D82: Event / Webinar | E82: Live Stream | F82: Japan | G82: 138.2529 | H82: 36.2048 | I82: 63317 | J82: 377113 | K82: 70710 | L82: 29455 | M82: 13197 | N82: 0.16790111 | O82: 436373 | P82: 0 | Q82: 447439 | T82: #EventRecap | U82: 45593 | V82: =TEXT(U82,"DDDD") -> Monday | W82: =TEXT(U82,"MMMM") -> October | X82: 17 | Y82: =IF(X82<6,"NIght",IF(X82<12,"Morning",IF(X82<18,"Afternoon","Evening"))) -> Afternoon | Z82: Medium
A83: Post_84 | B83: Instagram | C83: Organic | D83: Product Promotion | E83: Video | F83: Brazil | G83: -51.9253 | H83: -14.235 | I83: 330276 | J83: 2578147 | K83: 344284 | L83: 201510 | M83: 52816 | N83: 0.12810626 | O83: 3336059 | P83: 2578147 | Q83: 0 | T83: #ProductDemo | U83: 45718 | V83: =TEXT(U83,"DDDD") -> Sunday | W83: =TEXT(U83,"MMMM") -> March | X83: 15 | Y83: =IF(X83<6,"NIght",IF(X83<12,"Morning",IF(X83<18,"Afternoon","Evening"))) -> Afternoon | Z83: Medium
A84: Post_85 | B84: X.com | C84: Organic | D84: Entertainment | E84: Video | F84: Brazil | G84: -51.9253 | H84: -14.235 | I84: 128170 | J84: 2168069 | K84: 240806 | L84: 125081 | M84: 127421 | N84: 0.059117252 | O84: 2611698 | P84: 2168069 | Q84: 0 | T84: #TrendingNow | U84: 45692 | V84: =TEXT(U84,"DDDD") -> Tuesday | W84: =TEXT(U84,"MMMM") -> February | X84: 9 | Y84: =IF(X84<6,"NIght",IF(X84<12,"Morning",IF(X84<18,"Afternoon","Evening"))) -> Morning | Z84: Low
A85: Post_86 | B85: TikTok | C85: Organic | D85: Customer Story | E85: Video | F85: Canada | G85: -106.3468 | H85: 56.1304 | I85: 308010 | J85: 2009444 | K85: 390655 | L85: 130186 | M85: 76723 | N85: 0.15328161 | O85: 2462596 | P85: 2009444 | Q85: 0 | R85: 50729 | S85: 0.0206 | T85: #CustomerStory | U85: 45657 | V85: =TEXT(U85,"DDDD") -> Tuesday | W85: =TEXT(U85,"MMMM") -> December | X85: 8 | Y85: =IF(X85<6,"NIght",IF(X85<12,"Morning",IF(X85<18,"Afternoon","Evening"))) -> Morning | Z85: Medium
A86: Post_87 | B86: X.com | C86: Organic | D86: Entertainment | E86: Text | F86: India | G86: 78.9629 | H86: 20.5937 | I86: 66826 | J86: 674464 | K86: 72044 | L86: 29708 | M86: 39130 | N86: 0.09908125 | O86: 862000 | P86: 0 | Q86: 0 | T86: #FunContent | U86: 45421 | V86: =TEXT(U86,"DDDD") -> Thursday | W86: =TEXT(U86,"MMMM") -> May | X86: 15 | Y86: =IF(X86<6,"NIght",IF(X86<12,"Morning",IF(X86<18,"Afternoon","Evening"))) -> Afternoon | Z86: Low
A87: Post_88 | B87: X.com | C87: Organic | D87: Customer Story | E87: Text | F87: Japan | G87: 138.2529 | H87: 36.2048 | I87: 83720 | J87: 536668 | K87: 90347 | L87: 32740 | M87: 16687 | N87: 0.15600096 | O87: 610526 | P87: 0 | Q87: 0 | T87: #SuccessStory | U87: 45389 | V87: =TEXT(U87,"DDDD") -> Sunday | W87: =TEXT(U87,"MMMM") -> April | X87: 18 | Y87: =IF(X87<6,"NIght",IF(X87<12,"Morning",IF(X87<18,"Afternoon","Evening"))) -> Evening | Z87: Medium
A88: Post_89 | B88: YouTube | C88: Organic | D88: Customer Story | E88: Video | F88: Brazil | G88: -51.9253 | H88: -14.235 | I88: 14583 | J88: 75220 | K88: 14107 | L88: 2548 | M88: 4436 | N88: 0.1938735 | O88: 97578 | P88: 68179 | Q88: 0 | T88: #CustomerStory | U88: 45628 | V88: =TEXT(U88,"DDDD") -> Monday | W88: =TEXT(U88,"MMMM") -> December | X88: 16 | Y88: =IF(X88<6,"NIght",IF(X88<12,"Morning",IF(X88<18,"Afternoon","Evening"))) -> Afternoon | Z88: Medium
A89: Post_90 | B89: YouTube | C89: Organic | D89: Customer Story | E89: Video | F89: Japan | G89: 138.2529 | H89: 36.2048 | I89: 41913 | J89: 197424 | K89: 40417 | L89: 11214 | M89: 6392 | N89: 0.2122997 | O89: 249298 | P89: 192849 | Q89: 0 | T89: #CustomerStory | U89: 45329 | V89: =TEXT(U89,"DDDD") -> Wednesday | W89: =TEXT(U89,"MMMM") -> February | X89: 19 | Y89: =IF(X89<6,"NIght",IF(X89<12,"Morning",IF(X89<18,"Afternoon","Evening"))) -> Evening | Z89: High
A90: Post_91 | B90: TikTok | C90: Organic | D90: Customer Story | E90: Video | F90: Germany | G90: 10.4515 | H90: 51.1657 | I90: 27066 | J90: 160158 | K90: 37899 | L90: 11391 | M90: 9287 | N90: 0.16899633 | O90: 199419 | P90: 8468 | Q90: 0 | R90: 4088 | S90: 0.0205 | T90: #SuccessStory | U90: 45306 | V90: =TEXT(U90,"DDDD") -> Monday | W90: =TEXT(U90,"MMMM") -> January | X90: 11 | Y90: =IF(X90<6,"NIght",IF(X90<12,"Morning",IF(X90<18,"Afternoon","Evening"))) -> Morning | Z90: Medium
A91: Post_92 | B91: X.com | C91: Organic | D91: Entertainment | E91: Image | F91: India | G91: 78.9629 | H91: 20.5937 | I91: 55267 | J91: 598383 | K91: 114896 | L91: 30464 | M91: 34292 | N91: 0.092361568 | O91: 761868 | P91: 0 | Q91: 0 | T91: #FunContent | U91: 45576 | V91: =TEXT(U91,"DDDD") -> Friday | W91: =TEXT(U91,"MMMM") -> October | X91: 16 | Y91: =IF(X91<6,"NIght",IF(X91<12,"Morning",IF(X91<18,"Afternoon","Evening"))) -> Afternoon | Z91: Low
A92: Post_93 | B92: X.com | C92: Organic | D92: Product Promotion | E92: Text | F92: UK | G92: -3.436 | H92: 55.3781 | I92: 71785 | J92: 735888 | K92: 182567 | L92: 27611 | M92: 32206 | N92: 0.097549205 | O92: 865535 | P92: 0 | Q92: 0 | T92: #FeatureHighlight | U92: 45732 | V92: =TEXT(U92,"DDDD") -> Sunday | W92: =TEXT(U92,"MMMM") -> March | X92: 14 | Y92: =IF(X92<6,"NIght",IF(X92<12,"Morning",IF(X92<18,"Afternoon","Evening"))) -> Afternoon | Z92: Low
A93: Post_94 | B93: YouTube | C93: Organic | D93: Customer Story | E93: Video | F93: UK | G93: -3.436 | H93: 55.3781 | I93: 41710 | J93: 203082 | K93: 49854 | L93: 14643 | M93: 10871 | N93: 0.20538973 | O93: 242426 | P93: 173925 | Q93: 0 | T93: #CustomerStory | U93: 45331 | V93: =TEXT(U93,"DDDD") -> Friday | W93: =TEXT(U93,"MMMM") -> February | X93: 10 | Y93: =IF(X93<6,"NIght",IF(X93<12,"Morning",IF(X93<18,"Afternoon","Evening"))) -> Morning | Z93: High
A94: Post_95 | B94: TikTok | C94: Organic | D94: Product Promotion | E94: Video | F94: Germany | G94: 10.4515 | H94: 51.1657 | I94: 79719 | J94: 804179 | K94: 87218 | L94: 58894 | M94: 42232 | N94: 0.099131235 | O94: 1045387 | P94: 804179 | Q94: 0 | R94: 23730 | S94: 0.0227 | T94: #ProductDemo | U94: 45707 | V94: =TEXT(U94,"DDDD") -> Wednesday | W94: =TEXT(U94,"MMMM") -> February | X94: 19 | Y94: =IF(X94<6,"NIght",IF(X94<12,"Morning",IF(X94<18,"Afternoon","Evening"))) -> Evening | Z94: Low
A95: Post_96 | B95: TikTok | C95: Organic | D95: Customer Story | E95: Video | F95: India | G95: 78.9629 | H95: 20.5937 | I95: 45113 | J95: 190062 | K95: 47419 | L95: 10980 | M95: 9647 | N95: 0.23736107 | O95: 244981 | P95: 79689 | Q95: 0 | R95: 3013 | S95: 0.0123 | T95: #SuccessStory | U95: 45331 | V95: =TEXT(U95,"DDDD") -> Friday | W95: =TEXT(U95,"MMMM") -> February | X95: 10 | Y95: =IF(X95<6,"NIght",IF(X95<12,"Morning",IF(X95<18,"Afternoon","Evening"))) -> Morning | Z95: High
A96: Post_97 | B96: TikTok | C96: Organic | D96: Event / Webinar | E96: Live Stream | F96: UK | G96: -3.436 | H96: 55.3781 | I96: 28872 | J96: 204993 | K96: 34353 | L96: 7473 | M96: 11922 | N96: 0.14084853 | O96: 250344 | P96: 0 | Q96: 107160 | R96: 5807 | S96: 0.0232 | T96: #EventRecap | U96: 45660 | V96: =TEXT(U96,"DDDD") -> Friday | W96: =TEXT(U96,"MMMM") -> January | X96: 15 | Y96: =IF(X96<6,"NIght",IF(X96<12,"Morning",IF(X96<18,"Afternoon","Evening"))) -> Afternoon | Z96: Medium
A97: Post_98 | B97: TikTok | C97: Sponsored | D97: Entertainment | E97: Video | F97: Australia | G97: 133.7751 | H97: -25.2744 | I97: 36754 | J97: 624569 | K97: 125385 | L97: 38040 | M97: 21439 | N97: 0.058847408 | O97: 701210 | P97: 2342 | Q97: 0 | R97: 13743 | S97: 0.0196 | T97: #FunContent | U97: 45404 | V97: =TEXT(U97,"DDDD") -> Monday | W97: =TEXT(U97,"MMMM") -> April | X97: 17 | Y97: =IF(X97<6,"NIght",IF(X97<12,"Morning",IF(X97<18,"Afternoon","Evening"))) -> Afternoon | Z97: Low
A98: Post_99 | B98: Instagram | C98: Organic | D98: Event / Webinar | E98: Live Stream | F98: Germany | G98: 10.4515 | H98: 51.1657 | I98: 41558 | J98: 274233 | K98: 59192 | L98: 15359 | M98: 14832 | N98: 0.15154334 | O98: 331926 | P98: 0 | Q98: 324375 | T98: #EventRecap | U98: 45378 | V98: =TEXT(U98,"DDDD") -> Wednesday | W98: =TEXT(U98,"MMMM") -> March | X98: 11 | Y98: =IF(X98<6,"NIght",IF(X98<12,"Morning",IF(X98<18,"Afternoon","Evening"))) -> Morning | Z98: Medium
A99: Post_100 | B99: YouTube | C99: Organic | D99: Entertainment | E99: Video | F99: Canada | G99: -106.3468 | H99: 56.1304 | I99: 90883 | J99: 909479 | K99: 210542 | L99: 45632 | M99: 23064 | N99: 0.099929439 | O99: 1005662 | P99: 850396 | Q99: 0 | T99: #TrendingNow | U99: 45537 | V99: =TEXT(U99,"DDDD") -> Monday | W99: =TEXT(U99,"MMMM") -> September | X99: 11 | Y99: =IF(X99<6,"NIght",IF(X99<12,"Morning",IF(X99<18,"Afternoon","Evening"))) -> Morning | Z99: Low
A100: Post_101 | B100: YouTube | C100: Organic | D100: Event / Webinar | E100: Live Stream | F100: Germany | G100: 10.4515 | H100: 51.1657 | I100: 36511 | J100: 314537 | K100: 64672 | L100: 12785 | M100: 8006 | N100: 0.11607983 | O100: 346905 | P100: 0 | Q100: 1025881 | T100: #WebinarReplay | U100: 45331 | V100: =TEXT(U100,"DDDD") -> Friday | W100: =TEXT(U100,"MMMM") -> February | X100: 12 | Y100: =IF(X100<6,"NIght",IF(X100<12,"Morning",IF(X100<18,"Afternoon","Evening"))) -> Afternoon | Z100: Medium
A101: Post_103 | B101: X.com | C101: Organic | D101: Product Promotion | E101: Video | F101: Germany | G101: 10.4515 | H101: 51.1657 | I101: 267893 | J101: 3126767 | K101: 498661 | L101: 191059 | M101: 170391 | N101: 0.085677594 | O101: 4033229 | P101: 3126767 | Q101: 0 | T101: #ProductDemo | U101: 45748 | V101: =TEXT(U101,"DDDD") -> Tuesday | W101: =TEXT(U101,"MMMM") -> April | X101: 17 | Y101: =IF(X101<6,"NIght",IF(X101<12,"Morning",IF(X101<18,"Afternoon","Evening"))) -> Afternoon | Z101: Low
A102: Post_104 | B102: LinkedIn | C102: Organic | D102: Customer Story | E102: Image | F102: India | G102: 78.9629 | H102: 20.5937 | I102: 43637 | J102: 257409 | K102: 31419 | L102: 19647 | M102: 10215 | N102: 0.16952404 | O102: 296444 | P102: 0 | Q102: 0 | T102: #SuccessStory | U102: 45368 | V102: =TEXT(U102,"DDDD") -> Sunday | W102: =TEXT(U102,"MMMM") -> March | X102: 17 | Y102: =IF(X102<6,"NIght",IF(X102<12,"Morning",IF(X102<18,"Afternoon","Evening"))) -> Afternoon | Z102: Medium
A103: Post_105 | B103: LinkedIn | C103: Sponsored | D103: Product Promotion | E103: Carousel | F103: Japan | G103: 138.2529 | H103: 36.2048 | I103: 73442 | J103: 576813 | K103: 100303 | L103: 26785 | M103: 26150 | N103: 0.12732509 | O103: 662198 | P103: 0 | Q103: 0 | T103: #FeatureHighlight | U103: 45613 | V103: =TEXT(U103,"DDDD") -> Sunday | W103: =TEXT(U103,"MMMM") -> November | X103: 16 | Y103: =IF(X103<6,"NIght",IF(X103<12,"Morning",IF(X103<18,"Afternoon","Evening"))) -> Afternoon | Z103: Medium
A104: Post_106 | B104: X.com | C104: Organic | D104: Event / Webinar | E104: Text | F104: USA | G104: -95.7129 | H104: 37.0902 | I104: 29874 | J104: 246730 | K104: 27480 | L104: 8991 | M104: 6198 | N104: 0.12108182 | O104: 278898 | P104: 0 | Q104: 0 | T104: #EventRecap | U104: 45696 | V104: =TEXT(U104,"DDDD") -> Saturday | W104: =TEXT(U104,"MMMM") -> February | X104: 17 | Y104: =IF(X104<6,"NIght",IF(X104<12,"Morning",IF(X104<18,"Afternoon","Evening"))) -> Afternoon | Z104: Medium
A105: Post_107 | B105: YouTube | C105: Organic | D105: Customer Story | E105: Video | F105: UK | G105: -3.436 | H105: 55.3781 | I105: 34091 | J105: 139874 | K105: 21239 | L105: 10468 | M105: 5449 | N105: 0.24372878 | O105: 172536 | P105: 128548 | Q105: 0 | T105: #CustomerStory | U105: 45642 | V105: =TEXT(U105,"DDDD") -> Monday | W105: =TEXT(U105,"MMMM") -> December | X105: 11 | Y105: =IF(X105<6,"NIght",IF(X105<12,"Morning",IF(X105<18,"Afternoon","Evening"))) -> Morning | Z105: High
A106: Post_108 | B106: TikTok | C106: Organic | D106: Customer Story | E106: Video | F106: Germany | G106: 10.4515 | H106: 51.1657 | I106: 49519 | J106: 298767 | K106: 37599 | L106: 11835 | M106: 6463 | N106: 0.16574657 | O106: 338738 | P106: 6868 | Q106: 0 | R106: 4437 | S106: 0.0131 | T106: #SuccessStory | U106: 45609 | V106: =TEXT(U106,"DDDD") -> Wednesday | W106: =TEXT(U106,"MMMM") -> November | X106: 16 | Y106: =IF(X106<6,"NIght",IF(X106<12,"Morning",IF(X106<18,"Afternoon","Evening"))) -> Afternoon | Z106: Medium
A107: Post_109 | B107: Instagram | C107: Organic | D107: Entertainment | E107: Video | F107: USA | G107: -95.7129 | H107: 37.0902 | I107: 75452 | J107: 1388375 | K107: 157310 | L107: 50025 | M107: 53356 | N107: 0.054345612 | O107: 1584506 | P107: 1388375 | Q107: 0 | T107: #TrendingNow | U107: 45495 | V107: =TEXT(U107,"DDDD") -> Monday | W107: =TEXT(U107,"MMMM") -> July | X107: 14 | Y107: =IF(X107<6,"NIght",IF(X107<12,"Morning",IF(X107<18,"Afternoon","Evening"))) -> Afternoon | Z107: Low
A108: Post_110 | B108: X.com | C108: Organic | D108: Product Promotion | E108: Video | F108: USA | G108: -95.7129 | H108: 37.0902 | I108: 203199 | J108: 1580730 | K108: 244444 | L108: 87210 | M108: 75267 | N108: 0.12854781 | O108: 1751231 | P108: 1580730 | Q108: 0 | T108: #ProductDemo | U108: 45714 | V108: =TEXT(U108,"DDDD") -> Wednesday | W108: =TEXT(U108,"MMMM") -> February | X108: 15 | Y108: =IF(X108<6,"NIght",IF(X108<12,"Morning",IF(X108<18,"Afternoon","Evening"))) -> Afternoon | Z108: Medium
...

Sheet Clean_Data
A1: Post_ID | B1: Platform | C1: Content_Type | D1: Content_Category | E1: Post_Type | F1: Region | G1: Longitude | H1: Latitude | I1: Engagement | J1: Views | K1: Likes | L1: Shares | M1: Comments | N1: Engagement_Rate | O1: Impressions | P1: Video_Views | Q1: Live_Stream_Views | R1: Clicks | S1: Click_Through_Rate | T1: Main_Hashtag | U1: Post_Date | V1: Post_day | W1: Post_Month | X1: Post_Hour | Y1: Time_Slot | Z1: Engagement_Level
A2: Post_1 | B2: TikTok | C2: Organic | D2: Product Promotion | E2: Video | F2: UK | G2: -3.436 | H2: 55.3781 | I2: 54510 | J2: 599342 | K2: 125741 | L2: 35920 | M2: 15727 | N2: 0.09095057 | O2: 677975 | P2: 465645 | Q2: 0 | R2: 16813 | S2: 0.0248 | T2: #FeatureHighlight | U2: 45365 | V2: Thursday | W2: March | X2: 15 | Y2: Afternoon | Z2: Low
A3: Post_2 | B3: Instagram | C3: Organic | D3: Product Promotion | E3: Video | F3: India | G3: 78.9629 | H3: 20.5937 | I3: 259440 | J3: 1896301 | K3: 206151 | L3: 139015 | M3: 83521 | N3: 0.13681396 | O3: 2354474 | P3: 1896301 | Q3: 0 | T3: #ProductDemo | U3: 45406 | V3: Wednesday | W3: April | X3: 12 | Y3: Afternoon | Z3: Medium
A4: Post_3 | B4: X.com | C4: Organic | D4: Entertainment | E4: Text | F4: Brazil | G4: -51.9253 | H4: -14.235 | I4: 14182 | J4: 253052 | K4: 32206 | L4: 9912 | M4: 8140 | N4: 0.056045015 | O4: 304915 | P4: 0 | Q4: 0 | T4: #MemeMonday | U4: 45627 | V4: Sunday | W4: December | X4: 10 | Y4: Morning | Z4: Low
A5: Post_4 | B5: Instagram | C5: Organic | D5: Entertainment | E5: Carousel | F5: Australia | G5: 133.7751 | H5: -25.2744 | I5: 49137 | J5: 735640 | K5: 121227 | L5: 32781 | M5: 32716 | N5: 0.066795973 | O5: 829727 | P5: 0 | Q5: 0 | T5: #JustForFun | U5: 45480 | V5: Sunday | W5: July | X5: 12 | Y5: Afternoon | Z5: Low
A6: Post_5 | B6: TikTok | C6: Organic | D6: Educational | E6: Video | F6: Brazil | G6: -51.9253 | H6: -14.235 | I6: 20832 | J6: 77358 | K6: 13027 | L6: 5357 | M6: 2165 | N6: 0.26930187 | O6: 93049 | P6: 72707 | Q6: 0 | R6: 1944 | S6: 0.0209 | T6: #CaseStudy2025 | U6: 45301 | V6: Wednesday | W6: January | X6: 11 | Y6: Morning | Z6: High
A7: Post_6 | B7: LinkedIn | C7: Organic | D7: Customer Story | E7: Image | F7: Australia | G7: 133.7751 | H7: -25.2744 | I7: 47292 | J7: 217539 | K7: 41084 | L7: 7031 | M7: 9637 | N7: 0.21739867 | O7: 246712 | P7: 0 | Q7: 0 | T7: #SuccessStory | U7: 45327 | V7: Monday | W7: February | X7: 9 | Y7: Morning | Z7: High
A8: Post_7 | B8: YouTube | C8: Organic | D8: Customer Story | E8: Video | F8: Japan | G8: 138.2529 | H8: 36.2048 | I8: 44036 | J8: 189936 | K8: 38487 | L8: 9878 | M8: 4725 | N8: 0.23184858 | O8: 227739 | P8: 178450 | Q8: 0 | T8: #CustomerStory | U8: 45417 | V8: Sunday | W8: May | X8: 12 | Y8: Afternoon | Z8: High
A9: Post_8 | B9: YouTube | C9: Organic | D9: Customer Story | E9: Video | F9: UK | G9: -3.436 | H9: 55.3781 | I9: 325640 | J9: 1781229 | K9: 187310 | L9: 134422 | M9: 54062 | N9: 0.18281798 | O9: 2195372 | P9: 1781229 | Q9: 0 | T9: #CustomerStory | U9: 45374 | V9: Saturday | W9: March | X9: 15 | Y9: Afternoon | Z9: Medium
A10: Post_9 | B10: X.com | C10: Organic | D10: Product Promotion | E10: Text | F10: India | G10: 78.9629 | H10: 20.5937 | I10: 38084 | J10: 270886 | K10: 49303 | L10: 10630 | M10: 15923 | N10: 0.14059304 | O10: 339969 | P10: 0 | Q10: 0 | T10: #FeatureHighlight | U10: 45776 | V10: Tuesday | W10: April | X10: 16 | Y10: Afternoon | Z10: Medium
A11: Post_10 | B11: TikTok | C11: Organic | D11: Product Promotion | E11: Video | F11: India | G11: 78.9629 | H11: 20.5937 | I11: 76170 | J11: 530247 | K11: 124196 | L11: 31759 | M11: 30157 | N11: 0.14365078 | O11: 592656 | P11: 530247 | Q11: 0 | R11: 8949 | S11: 0.0151 | T11: #ProductDemo | U11: 45704 | V11: Sunday | W11: February | X11: 15 | Y11: Afternoon | Z11: Medium
A12: Post_11 | B12: Instagram | C12: Organic | D12: Event / Webinar | E12: Live Stream | F12: Germany | G12: 10.4515 | H12: 51.1657 | I12: 26520 | J12: 149091 | K12: 20977 | L12: 10650 | M12: 5109 | N12: 0.17788131 | O12: 172377 | P12: 0 | Q12: 317078 | T12: #EventRecap | U12: 45593 | V12: Monday | W12: October | X12: 10 | Y12: Morning | Z12: Medium
A13: Post_12 | B13: X.com | C13: Organic | D13: Educational | E13: Text | F13: Australia | G13: 133.7751 | H13: -25.2744 | I13: 22233 | J13: 91670 | K13: 11104 | L13: 6426 | M13: 2106 | N13: 0.24253383 | O13: 118930 | P13: 0 | Q13: 0 | T13: #SuccessStory | U13: 45405 | V13: Tuesday | W13: April | X13: 15 | Y13: Afternoon | Z13: High
A14: Post_13 | B14: YouTube | C14: Sponsored | D14: Educational | E14: Video | F14: Canada | G14: -106.3468 | H14: 56.1304 | I14: 226309 | J14: 1492308 | K14: 150466 | L14: 105615 | M14: 72040 | N14: 0.15165093 | O14: 1859119 | P14: 1492308 | Q14: 0 | T14: #CustomerStory | U14: 45695 | V14: Friday | W14: February | X14: 9 | Y14: Morning | Z14: Medium
A15: Post_14 | B15: YouTube | C15: Organic | D15: Educational | E15: Video | F15: Japan | G15: 138.2529 | H15: 36.2048 | I15: 71888 | J15: 311167 | K15: 67115 | L15: 10487 | M15: 10685 | N15: 0.23102875 | O15: 349494 | P15: 281653 | Q15: 0 | T15: #CustomerStory | U15: 45769 | V15: Tuesday | W15: April | X15: 19 | Y15: Evening | Z15: High
A16: Post_15 | B16: X.com | C16: Organic | D16: Entertainment | E16: Text | F16: Germany | G16: 10.4515 | H16: 51.1657 | I16: 53010 | J16: 566252 | K16: 84730 | L16: 18787 | M16: 18368 | N16: 0.093616415 | O16: 659704 | P16: 0 | Q16: 0 | T16: #FunContent | U16: 45428 | V16: Thursday | W16: May | X16: 15 | Y16: Afternoon | Z16: Low
A17: Post_16 | B17: YouTube | C17: Organic | D17: Product Promotion | E17: Live Stream | F17: Canada | G17: -106.3468 | H17: 56.1304 | I17: 30263 | J17: 347554 | K17: 72792 | L17: 21505 | M17: 19285 | N17: 0.087074837 | O17: 415133 | P17: 0 | Q17: 679391 | T17: #ProductDemo | U17: 45664 | V17: Tuesday | W17: January | X17: 15 | Y17: Afternoon | Z17: Low
A18: Post_17 | B18: X.com | C18: Organic | D18: Educational | E18: Image | F18: UK | G18: -3.436 | H18: 55.3781 | I18: 58337 | J18: 347296 | K18: 63968 | L18: 23806 | M18: 13805 | N18: 0.16797716 | O18: 418334 | P18: 0 | Q18: 0 | T18: #SuccessStory | U18: 45627 | V18: Sunday | W18: December | X18: 11 | Y18: Morning | Z18: Medium
A19: Post_18 | B19: TikTok | C19: Sponsored | D19: Educational | E19: Video | F19: UK | G19: -3.436 | H19: 55.3781 | I19: 510212 | J19: 2596696 | K19: 426198 | L19: 81201 | M19: 63140 | N19: 0.19648537 | O19: 2872688 | P19: 2596696 | Q19: 0 | R19: 31312 | S19: 0.0109 | T19: #CustomerStory | U19: 45454 | V19: Tuesday | W19: June | X19: 10 | Y19: Morning | Z19: Medium
A20: Post_19 | B20: TikTok | C20: Organic | D20: Product Promotion | E20: Video | F20: USA | G20: -95.7129 | H20: 37.0902 | I20: 29522 | J20: 216249 | K20: 38121 | L20: 16300 | M20: 6481 | N20: 0.13652218 | O20: 255622 | P20: 3466 | Q20: 0 | R20: 3246 | S20: 0.0127 | T20: #FeatureHighlight | U20: 45307 | V20: Tuesday | W20: January | X20: 11 | Y20: Morning | Z20: Medium
A21: Post_20 | B21: YouTube | C21: Organic | D21: Educational | E21: Video | F21: UK | G21: -3.436 | H21: 55.3781 | I21: 58869 | J21: 354249 | K21: 75572 | L21: 14680 | M21: 8175 | N21: 0.16618209 | O21: 410202 | P21: 308035 | Q21: 0 | T21: #CustomerStory | U21: 45579 | V21: Monday | W21: October | X21: 12 | Y21: Afternoon | Z21: Medium
A22: Post_21 | B22: X.com | C22: Organic | D22: Product Promotion | E22: Video | F22: Brazil | G22: -51.9253 | H22: -14.235 | I22: 340149 | J22: 2376086 | K22: 548208 | L22: 166762 | M22: 65253 | N22: 0.14315551 | O22: 3037853 | P22: 2376086 | Q22: 0 | T22: #ProductDemo | U22: 45460 | V22: Monday | W22: June | X22: 17 | Y22: Afternoon | Z22: Medium
A23: Post_22 | B23: TikTok | C23: Organic | D23: Product Promotion | E23: Live Stream | F23: USA | G23: -95.7129 | H23: 37.0902 | I23: 49757 | J23: 365818 | K23: 66176 | L23: 25743 | M23: 20428 | N23: 0.13601663 | O23: 425666 | P23: 0 | Q23: 77512 | R23: 4937 | S23: 0.0116 | T23: #FeatureHighlight | U23: 45683 | V23: Sunday | W23: January | X23: 15 | Y23: Afternoon | Z23: Medium
A24: Post_23 | B24: YouTube | C24: Organic | D24: Product Promotion | E24: Video | F24: Brazil | G24: -51.9253 | H24: -14.235 | I24: 197894 | J24: 1705918 | K24: 379911 | L24: 124594 | M24: 34592 | N24: 0.1160048 | O24: 2050768 | P24: 1705918 | Q24: 0 | T24: #ProductDemo | U24: 45610 | V24: Thursday | W24: November | X24: 19 | Y24: Evening | Z24: Medium
A25: Post_24 | B25: X.com | C25: Organic | D25: Product Promotion | E25: Video | F25: Japan | G25: 138.2529 | H25: 36.2048 | I25: 113610 | J25: 902363 | K25: 146734 | L25: 37091 | M25: 22373 | N25: 0.12590344 | O25: 1053529 | P25: 902363 | Q25: 0 | T25: #ProductDemo | U25: 45515 | V25: Sunday | W25: August | X25: 11 | Y25: Morning | Z25: Medium
A26: Post_25 | B26: YouTube | C26: Organic | D26: Educational | E26: Video | F26: Germany | G26: 10.4515 | H26: 51.1657 | I26: 58395 | J26: 233871 | K26: 41586 | L26: 15236 | M26: 8079 | N26: 0.24969113 | O26: 302712 | P26: 204799 | Q26: 0 | T26: #CustomerStory | U26: 45534 | V26: Friday | W26: August | X26: 12 | Y26: Afternoon | Z26: High
A27: Post_26 | B27: YouTube | C27: Organic | D27: Event / Webinar | E27: Live Stream | F27: Brazil | G27: -51.9253 | H27: -14.235 | I27: 42412 | J27: 290405 | K27: 70965 | L27: 12368 | M27: 11584 | N27: 0.14604667 | O27: 336920 | P27: 0 | Q27: 927260 | T27: #WebinarReplay | U27: 45434 | V27: Wednesday | W27: May | X27: 10 | Y27: Morning | Z27: Medium
A28: Post_27 | B28: Instagram | C28: Organic | D28: Product Promotion | E28: Video | F28: India | G28: 78.9629 | H28: 20.5937 | I28: 250854 | J28: 2076760 | K28: 364267 | L28: 67648 | M28: 64682 | N28: 0.12079132 | O28: 2661686 | P28: 2076760 | Q28: 0 | T28: #ProductDemo | U28: 45470 | V28: Thursday | W28: June | X28: 17 | Y28: Afternoon | Z28: Medium
A29: Post_28 | B29: YouTube | C29: Organic | D29: Entertainment | E29: Video | F29: Canada | G29: -106.3468 | H29: 56.1304 | I29: 35665 | J29: 413478 | K29: 56205 | L29: 15399 | M29: 16364 | N29: 0.086256793 | O29: 536334 | P29: 397501 | Q29: 0 | T29: #TrendingNow | U29: 45554 | V29: Thursday | W29: September | X29: 15 | Y29: Afternoon | Z29: Low
A30: Post_29 | B30: Instagram | C30: Organic | D30: Event / Webinar | E30: Live Stream | F30: Canada | G30: -106.3468 | H30: 56.1304 | I30: 35525 | J30: 326729 | K30: 69999 | L30: 13684 | M30: 16051 | N30: 0.10873047 | O30: 383434 | P30: 0 | Q30: 352922 | T30: #EventRecap | U30: 45674 | V30: Friday | W30: January | X30: 12 | Y30: Afternoon | Z30: Medium
A31: Post_30 | B31: YouTube | C31: Organic | D31: Event / Webinar | E31: Live Stream | F31: Japan | G31: 138.2529 | H31: 36.2048 | I31: 182898 | J31: 1137655 | K31: 221876 | L31: 64605 | M31: 26861 | N31: 0.1607683 | O31: 1441477 | P31: 0 | Q31: 981170 | T31: #WebinarReplay | U31: 45479 | V31: Saturday | W31: July | X31: 11 | Y31: Morning | Z31: Medium
A32: Post_31 | B32: LinkedIn | C32: Organic | D32: Educational | E32: Image | F32: Australia | G32: 133.7751 | H32: -25.2744 | I32: 84944 | J32: 420660 | K32: 43112 | L32: 23390 | M32: 12224 | N32: 0.20193115 | O32: 517005 | P32: 0 | Q32: 0 | T32: #SuccessStory | U32: 45419 | V32: Tuesday | W32: May | X32: 15 | Y32: Afternoon | Z32: High
A33: Post_32 | B33: X.com | C33: Organic | D33: Product Promotion | E33: Video | F33: USA | G33: -95.7129 | H33: 37.0902 | I33: 230631 | J33: 2655192 | K33: 334965 | L33: 171384 | M33: 94178 | N33: 0.086860504 | O33: 3418150 | P33: 2655192 | Q33: 0 | T33: #ProductDemo | U33: 45649 | V33: Monday | W33: December | X33: 17 | Y33: Afternoon | Z33: Low
A34: Post_33 | B34: YouTube | C34: Organic | D34: Event / Webinar | E34: Live Stream | F34: USA | G34: -95.7129 | H34: 37.0902 | I34: 33791 | J34: 211173 | K34: 24711 | L34: 16098 | M34: 11634 | N34: 0.16001707 | O34: 243184 | P34: 0 | Q34: 1489976 | T34: #WebinarReplay | U34: 45407 | V34: Thursday | W34: April | X34: 10 | Y34: Morning | Z34: Medium
A35: Post_34 | B35: YouTube | C35: Organic | D35: Educational | E35: Video | F35: Australia | G35: 133.7751 | H35: -25.2744 | I35: 25047 | J35: 161448 | K35: 35935 | L35: 9325 | M35: 6649 | N35: 0.15514324 | O35: 185402 | P35: 143334 | Q35: 0 | T35: #CustomerStory | U35: 45306 | V35: Monday | W35: January | X35: 17 | Y35: Afternoon | Z35: Medium
A36: Post_35 | B36: YouTube | C36: Sponsored | D36: Educational | E36: Video | F36: UK | G36: -3.436 | H36: 55.3781 | I36: 49341 | J36: 275988 | K36: 41634 | L36: 13098 | M36: 13533 | N36: 0.17878045 | O36: 353105 | P36: 235164 | Q36: 0 | T36: #CustomerStory | U36: 45757 | V36: Thursday | W36: April | X36: 12 | Y36: Afternoon | Z36: Medium
A37: Post_36 | B37: TikTok | C37: Organic | D37: Educational | E37: Live Stream | F37: Japan | G37: 138.2529 | H37: 36.2048 | I37: 50766 | J37: 328182 | K37: 76487 | L37: 22642 | M37: 14991 | N37: 0.154689 | O37: 366522 | P37: 0 | Q37: 90407 | R37: 8136 | S37: 0.0222 | T37: #SuccessStory | U37: 45507 | V37: Saturday | W37: August | X37: 10 | Y37: Morning | Z37: Medium
A38: Post_37 | B38: LinkedIn | C38: Organic | D38: Educational | E38: Carousel | F38: Germany | G38: 10.4515 | H38: 51.1657 | I38: 49910 | J38: 272628 | K38: 27638 | L38: 9562 | M38: 12688 | N38: 0.18307075 | O38: 300166 | P38: 0 | Q38: 0 | T38: #SuccessStory | U38: 45457 | V38: Friday | W38: June | X38: 8 | Y38: Morning | Z38: Medium
A39: Post_38 | B39: Instagram | C39: Organic | D39: Product Promotion | E39: Video | F39: India | G39: 78.9629 | H39: 20.5937 | I39: 316200 | J39: 2635551 | K39: 327127 | L39: 151377 | M39: 125652 | N39: 0.11997522 | O39: 3242761 | P39: 2635551 | Q39: 0 | T39: #ProductDemo | U39: 45666 | V39: Thursday | W39: January | X39: 10 | Y39: Morning | Z39: Medium
A40: Post_39 | B40: TikTok | C40: Organic | D40: Product Promotion | E40: Video | F40: USA | G40: -95.7129 | H40: 37.0902 | I40: 310863 | J40: 2550875 | K40: 345866 | L40: 118028 | M40: 127185 | N40: 0.12186551 | O40: 3137388 | P40: 2550875 | Q40: 0 | R40: 33256 | S40: 0.0106 | T40: #ProductDemo | U40: 45311 | V40: Saturday | W40: January | X40: 11 | Y40: Morning | Z40: Medium
A41: Post_40 | B41: X.com | C41: Organic | D41: Educational | E41: Text | F41: USA | G41: -95.7129 | H41: 37.0902 | I41: 47357 | J41: 309100 | K41: 70284 | L41: 19436 | M41: 13208 | N41: 0.1532111 | O41: 345800 | P41: 0 | Q41: 0 | T41: #SuccessStory | U41: 45681 | V41: Friday | W41: January | X41: 18 | Y41: Evening | Z41: Medium
A42: Post_41 | B42: X.com | C42: Organic | D42: Educational | E42: Text | F42: India | G42: 78.9629 | H42: 20.5937 | I42: 23893 | J42: 113012 | K42: 15437 | L42: 8888 | M42: 4037 | N42: 0.21142866 | O42: 144475 | P42: 0 | Q42: 0 | T42: #SuccessStory | U42: 45380 | V42: Friday | W42: March | X42: 10 | Y42: Morning | Z42: High
A43: Post_42 | B43: YouTube | C43: Organic | D43: Event / Webinar | E43: Live Stream | F43: Australia | G43: 133.7751 | H43: -25.2744 | I43: 29587 | J43: 172821 | K43: 33643 | L43: 12052 | M43: 6931 | N43: 0.17120115 | O43: 210043 | P43: 0 | Q43: 1238776 | T43: #WebinarReplay | U43: 45469 | V43: Wednesday | W43: June | X43: 17 | Y43: Afternoon | Z43: Medium
A44: Post_43 | B44: X.com | C44: Organic | D44: Event / Webinar | E44: Image | F44: Brazil | G44: -51.9253 | H44: -14.235 | I44: 94256 | J44: 625133 | K44: 88841 | L44: 19514 | M44: 28642 | N44: 0.15077875 | O44: 709789 | P44: 0 | Q44: 0 | T44: #EventRecap | U44: 45760 | V44: Sunday | W44: April | X44: 14 | Y44: Afternoon | Z44: Medium
A45: Post_44 | B45: YouTube | C45: Organic | D45: Entertainment | E45: Video | F45: Brazil | G45: -51.9253 | H45: -14.235 | I45: 90944 | J45: 1357131 | K45: 329904 | L45: 102793 | M45: 47236 | N45: 0.067012008 | O45: 1497039 | P45: 1357131 | Q45: 0 | T45: #TrendingNow | U45: 45534 | V45: Friday | W45: August | X45: 12 | Y45: Afternoon | Z45: Low
A46: Post_45 | B46: X.com | C46: Organic | D46: Educational | E46: Video | F46: Germany | G46: 10.4515 | H46: 51.1657 | I46: 461737 | J46: 1906900 | K46: 467187 | L46: 149083 | M46: 103202 | N46: 0.24214033 | O46: 2209886 | P46: 1906900 | Q46: 0 | T46: #CustomerStory | U46: 45317 | V46: Friday | W46: January | X46: 12 | Y46: Afternoon | Z46: High
A47: Post_46 | B47: LinkedIn | C47: Sponsored | D47: Educational | E47: Image | F47: Brazil | G47: -51.9253 | H47: -14.235 | I47: 56165 | J47: 324034 | K47: 51121 | L47: 23510 | M47: 10588 | N47: 0.17333347 | O47: 367421 | P47: 0 | Q47: 0 | T47: #SuccessStory | U47: 45371 | V47: Wednesday | W47: March | X47: 12 | Y47: Afternoon | Z47: Medium
A48: Post_47 | B48: LinkedIn | C48: Organic | D48: Educational | E48: Image | F48: Japan | G48: 138.2529 | H48: 36.2048 | I48: 76384 | J48: 321010 | K48: 65615 | L48: 18780 | M48: 7667 | N48: 0.23795023 | O48: 392595 | P48: 0 | Q48: 0 | T48: #DidYouKnow | U48: 45681 | V48: Friday | W48: January | X48: 17 | Y48: Afternoon | Z48: High
A49: Post_48 | B49: Instagram | C49: Organic | D49: Product Promotion | E49: Live Stream | F49: India | G49: 78.9629 | H49: 20.5937 | I49: 24245 | J49: 259247 | K49: 64424 | L49: 9593 | M49: 10559 | N49: 0.093523727 | O49: 330662 | P49: 0 | Q49: 396307 | T49: #FeatureHighlight | U49: 45751 | V49: Friday | W49: April | X49: 12 | Y49: Afternoon | Z49: Low
A50: Post_49 | B50: X.com | C50: Organic | D50: Event / Webinar | E50: Text | F50: USA | G50: -95.7129 | H50: 37.0902 | I50: 37651 | J50: 358305 | K50: 55151 | L50: 16008 | M50: 18766 | N50: 0.1050817 | O50: 452189 | P50: 0 | Q50: 0 | T50: #EventRecap | U50: 45574 | V50: Wednesday | W50: October | X50: 17 | Y50: Afternoon | Z50: Medium
A51: Post_50 | B51: LinkedIn | C51: Organic | D51: Educational | E51: Image | F51: Japan | G51: 138.2529 | H51: 36.2048 | I51: 56148 | J51: 355380 | K51: 84220 | L51: 19747 | M51: 14236 | N51: 0.15799515 | O51: 447657 | P51: 0 | Q51: 0 | T51: #TrendingNow | U51: 45400 | V51: Thursday | W51: April | X51: 11 | Y51: Morning | Z51: Medium
A52: Post_51 | B52: YouTube | C52: Organic | D52: Entertainment | E52: Video | F52: Australia | G52: 133.7751 | H52: -25.2744 | I52: 66461 | J52: 766176 | K52: 168075 | L52: 57080 | M52: 25682 | N52: 0.086744682 | O52: 900346 | P52: 721558 | Q52: 0 | T52: #TrendingNow | U52: 45548 | V52: Friday | W52: September | X52: 14 | Y52: Afternoon | Z52: Low
... A61: Post_60 | B61: X.com | C61: Organic | D61: Customer Story | E61: Text | F61: UK | G61: -3.436 | H61: 55.3781 | I61: 15641 | J61: 88777 | K61: 16259 | L61: 5378 | M61: 3265 | N61: 0.17619249 | O61: 102053 | P61: 0 | Q61: 0 | T61: #SuccessStory | U61: 45754 | V61: Monday | W61: April | X61: 17 | Y61: Afternoon | Z61: Medium
A62: Post_61 | B62: TikTok | C62: Organic | D62: Customer Story | E62: Video | F62: USA | G62: -95.7129 | H62: 37.0902 | I62: 44094 | J62: 226260 | K62: 25946 | L62: 12349 | M62: 8810 | N62: 0.19488501 | O62: 256723 | P62: 468 | Q62: 0 | R62: 3157 | S62: 0.0123 | T62: #SuccessStory | U62: 45426 | V62: Tuesday | W62: May | X62: 16 | Y62: Afternoon | Z62: Medium
A63: Post_62 | B63: YouTube | C63: Organic | D63: Entertainment | E63: Video | F63: Australia | G63: 133.7751 | H63: -25.2744 | I63: 192243 | J63: 3404004 | K63: 561925 | L63: 169945 | M63: 151934 | N63: 0.05647576 | O63: 4176776 | P63: 3404004 | Q63: 0 | T63: #TrendingNow | U63: 45578 | V63: Sunday | W63: October | X63: 15 | Y63: Afternoon | Z63: Low
A64: Post_63 | B64: TikTok | C64: Sponsored | D64: Customer Story | E64: Video | F64: India | G64: 78.9629 | H64: 20.5937 | I64: 47176 | J64: 237158 | K64: 45979 | L64: 13080 | M64: 12868 | N64: 0.19892311 | O64: 292116 | P64: 8468 | Q64: 0 | R64: 3622 | S64: 0.0124 | T64: #SuccessStory | U64: 45774 | V64: Sunday | W64: April | X64: 9 | Y64: Morning | Z64: Medium
A65: Post_64 | B65: Instagram | C65: Organic | D65: Entertainment | E65: Video | F65: Canada | G65: -106.3468 | H65: 56.1304 | I65: 92499 | J65: 1650751 | K65: 205419 | L65: 55347 | M65: 75433 | N65: 0.056034883 | O65: 1824578 | P65: 1650751 | Q65: 0 | T65: #TrendingNow | U65: 45395 | V65: Saturday | W65: April | X65: 9 | Y65: Morning | Z65: Medium
A66: Post_65 | B66: YouTube | C66: Organic | D66: Product Promotion | E66: Video | F66: Canada | G66: -106.3468 | H66: 56.1304 | I66: 327348 | J66: 2485372 | K66: 463077 | L66: 122798 | M66: 113659 | N66: 0.13171002 | O66: 2961694 | P66: 2485372 | Q66: 0 | T66: #ProductDemo | U66: 45395 | V66: Saturday | W66: April | X66: 18 | Y66: Evening | Z66: Medium
A67: Post_66 | B67: TikTok | C67: Sponsored | D67: Customer Story | E67: Video | F67: Japan | G67: 138.2529 | H67: 36.2048 | I67: 104880 | J67: 525218 | K67: 95506 | L67: 40480 | M67: 18615 | N67: 0.19968863 | O67: 678706 | P67: 56456 | Q67: 0 | R67: 11402 | S67: 0.0168 | T67: #SuccessStory | U67: 45677 | V67: Monday | W67: January | X67: 13 | Y67: Afternoon | Z67: Medium
A68: Post_67 | B68: YouTube | C68: Sponsored | D68: Product Promotion | E68: Video | F68: Brazil | G68: -51.9253 | H68: -14.235 | I68: 157052 | J68: 1635175 | K68: 241754 | L68: 118131 | M68: 34225 | N68: 0.096046505 | O68: 2065052 | P68: 1635175 | Q68: 0 | T68: #ProductDemo | U68: 45339 | V68: Saturday | W68: February | X68: 10 | Y68: Morning | Z68: Low
A69: Post_68 | B69: X.com | C69: Organic | D69: Customer Story | E69: Image | F69: Japan | G69: 138.2529 | H69: 36.2048 | I69: 47775 | J69: 270759 | K69: 38523 | L69: 9722 | M69: 12961 | N69: 0.17645127 | O69: 331893 | P69: 0 | Q69: 0 | T69: #SuccessStory | U69: 45503 | V69: Tuesday | W69: July | X69: 17 | Y69: Afternoon | Z69: Medium
A70: Post_69 | B70: X.com | C70: Organic | D70: Customer Story | E70: Text | F70: USA | G70: -95.7129 | H70: 37.0902 | I70: 48375 | J70: 286201 | K70: 63113 | L70: 12621 | M70: 7755 | N70: 0.16902465 | O70: 357786 | P70: 0 | Q70: 0 | T70: #SuccessStory | U70: 45410 | V70: Sunday | W70: April | X70: 15 | Y70: Afternoon | Z70: Medium
A71: Post_70 | B71: YouTube | C71: Organic | D71: Customer Story | E71: Video | F71: Australia | G71: 133.7751 | H71: -25.2744 | I71: 52152 | J71: 308131 | K71: 68104 | L71: 24504 | M71: 11248 | N71: 0.16925446 | O71: 361870 | P71: 277529 | Q71: 0 | T71: #CustomerStory | U71: 45658 | V71: Wednesday | W71: January | X71: 11 | Y71: Morning | Z71: Medium
A72: Post_71 | B72: X.com | C72: Organic | D72: Customer Story | E72: Text | F72: Japan | G72: 138.2529 | H72: 36.2048 | I72: 35713 | J72: 183079 | K72: 43868 | L72: 13350 | M72: 6803 | N72: 0.19507178 | O72: 228880 | P72: 0 | Q72: 0 | T72: #SuccessStory | U72: 45556 | V72: Saturday | W72: September | X72: 17 | Y72: Afternoon | Z72: Medium
A73: Post_72 | B73: LinkedIn | C73: Sponsored | D73: Customer Story | E73: Image | F73: Australia | G73: 133.7751 | H73: -25.2744 | I73: 83199 | J73: 366193 | K73: 78065 | L73: 12873 | M73: 20544 | N73: 0.22720117 | O73: 439816 | P73: 0 | Q73: 0 | T73: #SuccessStory | U73: 45748 | V73: Tuesday | W73: April | X73: 17 | Y73: Afternoon | Z73: High
A74: Post_73 | B74: TikTok | C74: Organic | D74: Event / Webinar | E74: Live Stream | F74: Germany | G74: 10.4515 | H74: 51.1657 | I74: 57003 | J74: 395362 | K74: 92644 | L74: 19554 | M74: 8078 | N74: 0.14418015 | O74: 506488 | P74: 0 | Q74: 72821 | R74: 10028 | S74: 0.0198 | T74: #EventRecap | U74: 45479 | V74: Saturday | W74: July | X74: 15 | Y74: Afternoon | Z74: Medium
A75: Post_74 | B75: TikTok | C75: Organic | D75: Product Promotion | E75: Video | F75: India | G75: 78.9629 | H75: 20.5937 | I75: 84990 | J75: 689828 | K75: 102023 | L75: 53463 | M75: 40026 | N75: 0.12320544 | O75: 837925 | P75: 46456 | Q75: 0 | R75: 10474 | S75: 0.0125 | T75: #FeatureHighlight | U75: 45352 | V75: Friday | W75: March | X75: 16 | Y75: Afternoon | Z75: Medium
A76: Post_75 | B76: YouTube | C76: Organic | D76: Customer Story | E76: Video | F76: USA | G76: -95.7129 | H76: 37.0902 | I76: 233861 | J76: 1386334 | K76: 199606 | L76: 64371 | M76: 65020 | N76: 0.16869069 | O76: 1733575 | P76: 1386334 | Q76: 0 | T76: #CustomerStory | U76: 45694 | V76: Thursday | W76: February | X76: 15 | Y76: Afternoon | Z76: Medium
A77: Post_76 | B77: LinkedIn | C77: Organic | D77: Customer Story | E77: Carousel | F77: India | G77: 78.9629 | H77: 20.5937 | I77: 97469 | J77: 459238 | K77: 100452 | L77: 31908 | M77: 10860 | N77: 0.21224279 | O77: 550573 | P77: 0 | Q77: 0 | T77: #SuccessStory | U77: 45592 | V77: Sunday | W77: October | X77: 14 | Y77: Afternoon | Z77: High
A78: Post_77 | B78: X.com | C78: Organic | D78: Product Promotion | E78: Video | F78: India | G78: 78.9629 | H78: 20.5937 | I78: 279067 | J78: 2056853 | K78: 341909 | L78: 152999 | M78: 70008 | N78: 0.13567701 | O78: 2310696 | P78: 2056853 | Q78: 0 | T78: #ProductDemo | U78: 45384 | V78: Tuesday | W78: April | X78: 15 | Y78: Afternoon | Z78: Medium
A79: Post_78 | B79: X.com | C79: Organic | D79: Product Promotion | E79: Video | F79: Australia | G79: 133.7751 | H79: -25.2744 | I79: 205446 | J79: 1492128 | K79: 181217 | L79: 101577 | M79: 66740 | N79: 0.1376866 | O79: 1671518 | P79: 1492128 | Q79: 0 | T79: #ProductDemo | U79: 45422 | V79: Friday | W79: May | X79: 11 | Y79: Morning | Z79: Medium
A80: Post_79 | B80: LinkedIn | C80: Organic | D80: Customer Story | E80: Image | F80: USA | G80: -95.7129 | H80: 37.0902 | I80: 42131 | J80: 274496 | K80: 30445 | L80: 19514 | M80: 13244 | N80: 0.15348705 | O80: 306411 | P80: 0 | Q80: 0 | T80: #SuccessStory | U80: 45694 | V80: Thursday | W80: February | X80: 11 | Y80: Morning | Z80: Medium
A81: Post_82 | B81: Instagram | C81: Organic | D81: Event / Webinar | E81: Live Stream | F81: Australia | G81: 133.7751 | H81: -25.2744 | I81: 25681 | J81: 228655 | K81: 26679 | L81: 12491 | M81: 4676 | N81: 0.11231415 | O81: 272952 | P81: 0 | Q81: 122521 | T81: #EventRecap | U81: 45537 | V81: Monday | W81: September | X81: 17 | Y81: Afternoon | Z81: Medium
A82: Post_83 | B82: Instagram | C82: Organic | D82: Event / Webinar | E82: Live Stream | F82: Japan | G82: 138.2529 | H82: 36.2048 | I82: 63317 | J82: 377113 | K82: 70710 | L82: 29455 | M82: 13197 | N82: 0.16790111 | O82: 436373 | P82: 0 | Q82: 447439 | T82: #EventRecap | U82: 45593 | V82: Monday | W82: October | X82: 17 | Y82: Afternoon | Z82: Medium
A83: Post_84 | B83: Instagram | C83: Organic | D83: Product Promotion | E83: Video | F83: Brazil | G83: -51.9253 | H83: -14.235 | I83: 330276 | J83: 2578147 | K83: 344284 | L83: 201510 | M83: 52816 | N83: 0.12810626 | O83: 3336059 | P83: 2578147 | Q83: 0 | T83: #ProductDemo | U83: 45718 | V83: Sunday | W83: March | X83: 15 | Y83: Afternoon | Z83: Medium
A84: Post_85 | B84: X.com | C84: Organic | D84: Entertainment | E84: Video | F84: Brazil | G84: -51.9253 | H84: -14.235 | I84: 128170 | J84: 2168069 | K84: 240806 | L84: 125081 | M84: 127421 | N84: 0.059117252 | O84: 2611698 | P84: 2168069 | Q84: 0 | T84: #TrendingNow | U84: 45692 | V84: Tuesday | W84: February | X84: 9 | Y84: Morning | Z84: Low
A85: Post_86 | B85: TikTok | C85: Organic | D85: Customer Story | E85: Video | F85: Canada | G85: -106.3468 | H85: 56.1304 | I85: 308010 | J85: 2009444 | K85: 390655 | L85: 130186 | M85: 76723 | N85: 0.15328161 | O85: 2462596 | P85: 2009444 | Q85: 0 | R85: 50729 | S85: 0.0206 | T85: #CustomerStory | U85: 45657 | V85: Tuesday | W85: December | X85: 8 | Y85: Morning | Z85: Medium
A86: Post_87 | B86: X.com | C86: Organic | D86: Entertainment | E86: Text | F86: India | G86: 78.9629 | H86: 20.5937 | I86: 66826 | J86: 674464 | K86: 72044 | L86: 29708 | M86: 39130 | N86: 0.09908125 | O86: 862000 | P86: 0 | Q86: 0 | T86: #FunContent | U86: 45421 | V86: Thursday | W86: May | X86: 15 | Y86: Afternoon | Z86: Low
A87: Post_88 | B87: X.com | C87: Organic | D87: Customer Story | E87: Text | F87: Japan | G87: 138.2529 | H87: 36.2048 | I87: 83720 | J87: 536668 | K87: 90347 | L87: 32740 | M87: 16687 | N87: 0.15600096 | O87: 610526 | P87: 0 | Q87: 0 | T87: #SuccessStory | U87: 45389 | V87: Sunday | W87: April | X87: 18 | Y87: Evening | Z87: Medium
A88: Post_89 | B88: YouTube | C88: Organic | D88: Customer Story | E88: Video | F88: Brazil | G88: -51.9253 | H88: -14.235 | I88: 14583 | J88: 75220 | K88: 14107 | L88: 2548 | M88: 4436 | N88: 0.1938735 | O88: 97578 | P88: 68179 | Q88: 0 | T88: #CustomerStory | U88: 45628 | V88: Monday | W88: December | X88: 16 | Y88: Afternoon | Z88: Medium
A89: Post_90 | B89: YouTube | C89: Organic | D89: Customer Story | E89: Video | F89: Japan | G89: 138.2529 | H89: 36.2048 | I89: 41913 | J89: 197424 | K89: 40417 | L89: 11214 | M89: 6392 | N89: 0.2122997 | O89: 249298 | P89: 192849 | Q89: 0 | T89: #CustomerStory | U89: 45329 | V89: Wednesday | W89: February | X89: 19 | Y89: Evening | Z89: High
A90: Post_91 | B90: TikTok | C90: Organic | D90: Customer Story | E90: Video | F90: Germany | G90: 10.4515 | H90: 51.1657 | I90: 27066 | J90: 160158 | K90: 37899 | L90: 11391 | M90: 9287 | N90: 0.16899633 | O90: 199419 | P90: 8468 | Q90: 0 | R90: 4088 | S90: 0.0205 | T90: #SuccessStory | U90: 45306 | V90: Monday | W90: January | X90: 11 | Y90: Morning | Z90: Medium
A91: Post_92 | B91: X.com | C91: Organic | D91: Entertainment | E91: Image | F91: India | G91: 78.9629 | H91: 20.5937 | I91: 55267 | J91: 598383 | K91: 114896 | L91: 30464 | M91: 34292 | N91: 0.092361568 | O91: 761868 | P91: 0 | Q91: 0 | T91: #FunContent | U91: 45576 | V91: Friday | W91: October | X91: 16 | Y91: Afternoon | Z91: Low
A92: Post_93 | B92: X.com | C92: Organic | D92: Product Promotion | E92: Text | F92: UK | G92: -3.436 | H92: 55.3781 | I92: 71785 | J92: 735888 | K92: 182567 | L92: 27611 | M92: 32206 | N92: 0.097549205 | O92: 865535 | P92: 0 | Q92: 0 | T92: #FeatureHighlight | U92: 45732 | V92: Sunday | W92: March | X92: 14 | Y92: Afternoon | Z92: Low
A93: Post_94 | B93: YouTube | C93: Organic | D93: Customer Story | E93: Video | F93: UK | G93: -3.436 | H93: 55.3781 | I93: 41710 | J93: 203082 | K93: 49854 | L93: 14643 | M93: 10871 | N93: 0.20538973 | O93: 242426 | P93: 173925 | Q93: 0 | T93: #CustomerStory | U93: 45331 | V93: Friday | W93: February | X93: 10 | Y93: Morning | Z93: High
A94: Post_95 | B94: TikTok | C94: Organic | D94: Product Promotion | E94: Video | F94: Germany | G94: 10.4515 | H94: 51.1657 | I94: 79719 | J94: 804179 | K94: 87218 | L94: 58894 | M94: 42232 | N94: 0.099131235 | O94: 1045387 | P94: 804179 | Q94: 0 | R94: 23730 | S94: 0.0227 | T94: #ProductDemo | U94: 45707 | V94: Wednesday | W94: February | X94: 19 | Y94: Evening | Z94: Low
A95: Post_96 | B95: TikTok | C95: Organic | D95: Customer Story | E95: Video | F95: India | G95: 78.9629 | H95: 20.5937 | I95: 45113 | J95: 190062 | K95: 47419 | L95: 10980 | M95: 9647 | N95: 0.23736107 | O95: 244981 | P95: 79689 | Q95: 0 | R95: 3013 | S95: 0.0123 | T95: #SuccessStory | U95: 45331 | V95: Friday | W95: February | X95: 10 | Y95: Morning | Z95: High
A96: Post_97 | B96: TikTok | C96: Organic | D96: Event / Webinar | E96: Live Stream | F96: UK | G96: -3.436 | H96: 55.3781 | I96: 28872 | J96: 204993 | K96: 34353 | L96: 7473 | M96: 11922 | N96: 0.14084853 | O96: 250344 | P96: 0 | Q96: 107160 | R96: 5807 | S96: 0.0232 | T96: #EventRecap | U96: 45660 | V96: Friday | W96: January | X96: 15 | Y96: Afternoon | Z96: Medium
A97: Post_98 | B97: TikTok | C97: Sponsored | D97: Entertainment | E97: Video | F97: Australia | G97: 133.7751 | H97: -25.2744 | I97: 36754 | J97: 624569 | K97: 125385 | L97: 38040 | M97: 21439 | N97: 0.058847408 | O97: 701210 | P97: 2342 | Q97: 0 | R97: 13743 | S97: 0.0196 | T97: #FunContent | U97: 45404 | V97: Monday | W97: April | X97: 17 | Y97: Afternoon | Z97: Low
A98: Post_99 | B98: Instagram | C98: Organic | D98: Event / Webinar | E98: Live Stream | F98: Germany | G98: 10.4515 | H98: 51.1657 | I98: 41558 | J98: 274233 | K98: 59192 | L98: 15359 | M98: 14832 | N98: 0.15154334 | O98: 331926 | P98: 0 | Q98: 324375 | T98: #EventRecap | U98: 45378 | V98: Wednesday | W98: March | X98: 11 | Y98: Morning | Z98: Medium
A99: Post_100 | B99: YouTube | C99: Organic | D99: Entertainment | E99: Video | F99: Canada | G99: -106.3468 | H99: 56.1304 | I99: 90883 | J99: 909479 | K99: 210542 | L99: 45632 | M99: 23064 | N99: 0.099929439 | O99: 1005662 | P99: 850396 | Q99: 0 | T99: #TrendingNow | U99: 45537 | V99: Monday | W99: September | X99: 11 | Y99: Morning | Z99: Low
A100: Post_101 | B100: YouTube | C100: Organic | D100: Event / Webinar | E100: Live Stream | F100: Germany | G100: 10.4515 | H100: 51.1657 | I100: 36511 | J100: 314537 | K100: 64672 | L100: 12785 | M100: 8006 | N100: 0.11607983 | O100: 346905 | P100: 0 | Q100: 1025881 | T100: #WebinarReplay | U100: 45331 | V100: Friday | W100: February | X100: 12 | Y100: Afternoon | Z100: Medium
A101: Post_103 | B101: X.com | C101: Organic | D101: Product Promotion | E101: Video | F101: Germany | G101: 10.4515 | H101: 51.1657 | I101: 267893 | J101: 3126767 | K101: 498661 | L101: 191059 | M101: 170391 | N101: 0.085677594 | O101: 4033229 | P101: 3126767 | Q101: 0 | T101: #ProductDemo | U101: 45748 | V101: Tuesday | W101: April | X101: 17 | Y101: Afternoon | Z101: Low
A102: Post_104 | B102: LinkedIn | C102: Organic | D102: Customer Story | E102: Image | F102: India | G102: 78.9629 | H102: 20.5937 | I102: 43637 | J102: 257409 | K102: 31419 | L102: 19647 | M102: 10215 | N102: 0.16952404 | O102: 296444 | P102: 0 | Q102: 0 | T102: #SuccessStory | U102: 45368 | V102: Sunday | W102: March | X102: 17 | Y102: Afternoon | Z102: Medium
A103: Post_105 | B103: LinkedIn | C103: Sponsored | D103: Product Promotion | E103: Carousel | F103: Japan | G103: 138.2529 | H103: 36.2048 | I103: 73442 | J103: 576813 | K103: 100303 | L103: 26785 | M103: 26150 | N103: 0.12732509 | O103: 662198 | P103: 0 | Q103: 0 | T103: #FeatureHighlight | U103: 45613 | V103: Sunday | W103: November | X103: 16 | Y103: Afternoon | Z103: Medium
A104: Post_106 | B104: X.com | C104: Organic | D104: Event / Webinar | E104: Text | F104: USA | G104: -95.7129 | H104: 37.0902 | I104: 29874 | J104: 246730 | K104: 27480 | L104: 8991 | M104: 6198 | N104: 0.12108182 | O104: 278898 | P104: 0 | Q104: 0 | T104: #EventRecap | U104: 45696 | V104: Saturday | W104: February | X104: 17 | Y104: Afternoon | Z104: Medium
A105: Post_107 | B105: YouTube | C105: Organic | D105: Customer Story | E105: Video | F105: UK | G105: -3.436 | H105: 55.3781 | I105: 34091 | J105: 139874 | K105: 21239 | L105: 10468 | M105: 5449 | N105: 0.24372878 | O105: 172536 | P105: 128548 | Q105: 0 | T105: #CustomerStory | U105: 45642 | V105: Monday | W105: December | X105: 11 | Y105: Morning | Z105: High
A106: Post_108 | B106: TikTok | C106: Organic | D106: Customer Story | E106: Video | F106: Germany | G106: 10.4515 | H106: 51.1657 | I106: 49519 | J106: 298767 | K106: 37599 | L106: 11835 | M106: 6463 | N106: 0.16574657 | O106: 338738 | P106: 6868 | Q106: 0 | R106: 4437 | S106: 0.0131 | T106: #SuccessStory | U106: 45609 | V106: Wednesday | W106: November | X106: 16 | Y106: Afternoon | Z106: Medium
A107: Post_109 | B107: Instagram | C107: Organic | D107: Entertainment | E107: Video | F107: USA | G107: -95.7129 | H107: 37.0902 | I107: 75452 | J107: 1388375 | K107: 157310 | L107: 50025 | M107: 53356 | N107: 0.054345612 | O107: 1584506 | P107: 1388375 | Q107: 0 | T107: #TrendingNow | U107: 45495 | V107: Monday | W107: July | X107: 14 | Y107: Afternoon | Z107: Low
A108: Post_110 | B108: X.com | C108: Organic | D108: Product Promotion | E108: Video | F108: USA | G108: -95.7129 | H108: 37.0902 | I108: 203199 | J108: 1580730 | K108: 244444 | L108: 87210 | M108: 75267 | N108: 0.12854781 | O108: 1751231 | P108: 1580730 | Q108: 0 | T108: #ProductDemo | U108: 45714 | V108: Wednesday | W108: February | X108: 15 | Y108: Afternoon | Z108: Medium
...

Sheet Pivot_Table
A3: Count of Post_ID | B3: Column Labels
A4: Row Labels | B4: Organic | C4: Sponsored | D4: Grand Total
A5: Facebook | B5: 179 | C5: 120 | D5: 299
A6: LinkedIn | B6: 398 | C6: 127 | D6: 525
A7: Instagram | B7: 799 | C7: 199 | D7: 998
A8: X.com | B8: 1201 | D8: 1201
A9: TikTok | B9: 1009 | C9: 248 | D9: 1257
A10: YouTube | B10: 1060 | C10: 260 | D10: 1320
A11: Grand Total | B11: 4646 | C11: 954 | D11: 5600
A20: Row Labels | B20: Sum of Engagement
A21: Facebook | B21: 35701985
A22: LinkedIn | B22: 44731424
A23: X.com | B23: 133273396
A24: Instagram | B24: 134738386
A25: TikTok | B25: 146646344
A26: YouTube | B26: 151399907
A27: Grand Total | B27: 646491442
A36: Row Labels | B36: Sum of Views | C36: Sum of Likes | D36: Sum of Shares | E36: Sum of Comments
A37: Organic | B37: 3877399021 | C37: 680801489 | D37: 215493372 | E37: 156132873
A38: Sponsored | B38: 928876213 | C38: 163231875 | D38: 51542111 | E38: 37153783
A39: Grand Total | B39: 4806275234 | C39: 844033364 | D39: 267035483 | E39: 193286656
A52: Row Labels | B52: Sum of Impressions | C52: Sum of Engagement
A53: January | B53: 783793527 | C53: 87982973
A54: February | B54: 696997839 | C54: 79474496
A55: March | B55: 739299234 | C55: 81374858
A56: April | B56: 676760321 | C56: 75475660
A57: May | B57: 355303098 | C57: 39516388
A58: June | B58: 381348633 | C58: 41542295
A59: July | B59: 354247418 | C59: 39627858
A60: August | B60: 379483732 | C60: 39639195
A61: September | B61: 314212992 | C61: 36838691
A62: October | B62: 363696114 | C62: 43118643
A63: November | B63: 348522834 | C63: 39813792
A64: December | B64: 372890002 | C64: 42086593
A65: Grand Total | B65: 5766555744 | C65: 646491442
A71: Row Labels | B71: Sum of Engagement
A72: Article | B72: 25415618
A73: Carousel | B73: 5666210
A74: Image | B74: 58601693
A75: Live Stream | B75: 52172995
A76: PDF | B76: 1880729
A77: Text | B77: 30595341
A78: Video | B78: 472158856
A79: Grand Total | B79: 646491442
A87: Row Labels | B87: Count of Post_ID
A88: Australia | B88: 679 | C88: Australia | D88: 679
A89: Brazil | B89: 718 | C89: Brazil | D89: 718
A90: Canada | B90: 735 | C90: Canada | D90: 735
A91: Germany | B91: 627 | C91: Germany | D91: 627
A92: India | B92: 691 | C92: India | D92: 691
A93: Japan | B93: 666 | C93: Japan | D93: 666
A94: UK | B94: 732 | C94: UK | D94: 732
A95: USA | B95: 752 | C95: USA | D95: 752
A96: Grand Total | B96: 5600
A106: Count of Post_ID | B106: Sum of Views | C106: Sum of Shares | D106: Sum of Comments | E106: Sum of Likes | F106: Sum of Engagement | G106: Sum of Impressions
A107: 5600 | B107: 4806275234 | C107: 267035483 | D107: 193286656 | E107: 844033364 | F107: 646491442 | G107: 5766555744
A109: =GETPIVOTDATA("Count of Post_ID",$A$106) -> 5600 | B109: =GETPIVOTDATA("Sum of Views",$A$106) -> 4806275234 | C109: =GETPIVOTDATA("Sum of Shares",$A$106) -> 267035483 | D109: =GETPIVOTDATA("Sum of Comments",$A$106) -> 193286656 | E109: =GETPIVOTDATA("Sum of Likes",$A$106) -> 844033364 | F109: =GETPIVOTDATA("Sum of Engagement",$A$106) -> 646491442 | G109: =GETPIVOTDATA("Sum of Impressions",$A$106) -> 5766555744

Sheet Dashboard
O50: Social Media Analyssis Report
G53: Total Post | H53: =Pivot_Table!A109 -> 5600 | I53: Total Shares | K53: =Pivot_Table!C109 -> 267035483 | L53: Total Views | N53: =Pivot_Table!B109 -> 4806275234 | O53: Total Likes | Q53: =Pivot_Table!E109+Pivot_Table!E109 -> 1688066728 | R53: Total Comments | T53: =Pivot_Table!D109 -> 193286656 | U53: Total Engagements | W53: =Pivot_Table!F109 -> 646491442 | X53: Total Impressions | Z53: =Pivot_Table!G109 -> 5766555744
